ApplicantIncome,CoapplicantIncome,LoanAmount,Loan_Amount_Term,Credit_History,Gender_Male,Married_Yes,Dependents_1,Dependents_2,Dependents_3+,Education_Not Graduate,Self_Employed_Yes,Property_Area_Semiurban,Property_Area_Urban,Total_Income,Income_to_Loan_Ratio,EMI,Total_Income_Log,LoanAmount_Log,Loan_Status
0.07299082285068836,-0.5544873301529852,-0.21124124943736647,0.2732312961117544,0.41173269183271005,0.47234264016825267,-1.3720893221584447,-0.44633927678392804,-0.44371284815512574,-0.3009753239857258,-0.5283622494715786,-0.39260073655797517,-0.7820157008848647,1.4281470373865712,-0.18218375972648307,-0.1458113447130583,-0.2313048960964098,0.008425825191001515,-0.012803201343461017,1
-0.13441195378345122,-0.03873154846446157,-0.21124124943736647,0.2732312961117544,0.41173269183271005,0.47234264016825267,0.7288155252362812,2.2404481344448155,-0.44371284815512574,-0.3009753239857258,-0.5283622494715786,-0.39260073655797517,-0.7820157008848647,-0.7002080134759401,-0.144684160081343,-0.09563379463705242,-0.2313048960964098,0.08285991649734786,-0.012803201343461017,0
-0.3937473372051281,-0.5544873301529852,-0.9489964681145835,0.2732312961117544,0.41173269183271005,0.47234264016825267,0.7288155252362812,-0.44633927678392804,-0.44371284815512574,-0.3009753239857258,-0.5283622494715786,2.5471169737663755,-0.7820157008848647,1.4281470373865712,-0.6236563191851775,-0.15220143680853637,-0.5685209659914463,-1.2172986730963478,-1.3486627152890505,1
-0.4620624697931504,0.2519796016915365,-0.3064354712021687,0.2732312961117544,0.41173269183271005,0.47234264016825267,0.7288155252362812,-0.44633927678392804,-0.44371284815512574,-0.3009753239857258,1.8926408936295354,-0.39260073655797517,-0.7820157008848647,1.4281470373865712,-0.32288473690742187,-0.26578131104095337,-0.2748166470506081,-0.3013061075073324,-0.14335063876429482,1
0.09772843680942066,-0.5544873301529852,-0.05655063906956289,0.2732312961117544,0.41173269183271005,0.47234264016825267,-1.3720893221584447,-0.44633927678392804,-0.44371284815512574,-0.3009753239857258,-0.5283622494715786,-0.39260073655797517,-0.7820157008848647,1.4281470373865712,-0.15878524920410228,-0.22920383078310988,-0.1605983007958377,0.05522299468401092,0.1829809757655036,1
0.0022183113925933404,0.8805997122641535,1.4427583537260718,0.2732312961117544,0.41173269183271005,0.47234264016825267,0.7288155252362812,-0.44633927678392804,2.253709812906728,-0.3009753239857258,-0.5283622494715786,2.5471169737663755,-0.7820157008848647,1.4281470373865712,0.40107447607643937,-0.40302735745764673,0.5247117767327848,0.9206616235116626,1.4781401899444353,1
-0.5030187842943628,-0.03599544352181688,-0.6039174142171756,0.2732312961117544,0.41173269183271005,0.47234264016825267,0.7288155252362812,-0.44633927678392804,-0.44371284815512574,-0.3009753239857258,1.8926408936295354,-0.39260073655797517,-0.7820157008848647,1.4281470373865712,-0.49209780638053324,-0.28327690831990543,-0.41079086878247756,-0.7598251647902352,-0.6152864248387256,1
-0.38784962791695354,0.30191351689480206,0.1457370821806418,0.2732312961117544,-2.428760260810931,0.47234264016825267,0.7288155252362812,-0.44633927678392804,-0.44371284815512574,3.322531517724777,-0.5283622494715786,-0.39260073655797517,1.2787467040220322,-0.7002080134759401,-0.23006547993453383,-0.4279872167871757,-0.06813583001816638,-0.09122417882296666,0.41355740303033994,0
-0.22893912765224944,-0.03257531234351103,0.26472985938664456,0.2732312961117544,0.41173269183271005,0.47234264016825267,0.7288155252362812,-0.44633927678392804,2.253709812906728,-0.3009753239857258,-0.5283622494715786,-0.39260073655797517,-0.7820157008848647,1.4281470373865712,-0.23130513612115003,-0.48464308484382296,-0.013746141325418612,-0.09387731582271075,0.537931757097833,1
1.2184570268205968,3.196712546212882,2.4184991268152944,0.2732312961117544,0.41173269183271005,0.47234264016825267,0.7288155252362812,2.2404481344448155,-0.44371284815512574,-0.3009753239857258,-0.5283622494715786,-0.39260073655797517,1.2787467040220322,-0.7002080134759401,2.6008443792268876,0.4520150010052776,0.9707072240133167,2.5859770119191405,2.0224720730497836,0
-0.3609822856041582,-0.31507814767157505,-0.9013993572321825,0.2732312961117544,0.41173269183271005,0.47234264016825267,0.7288155252362812,-0.44633927678392804,2.253709812906728,-0.3009753239857258,-0.5283622494715786,-0.39260073655797517,-0.7820157008848647,1.4281470373865712,-0.484194998190855,0.12009403007274969,-0.5467650905143472,-0.7356598287064678,-1.2304204768512392,1
-0.4756599662075529,0.07481680665529297,-0.4373275261287717,0.2732312961117544,0.41173269183271005,0.47234264016825267,0.7288155252362812,-0.44633927678392804,2.253709812906728,-0.3009753239857258,-0.5283622494715786,-0.39260073655797517,-0.7820157008848647,1.4281470373865712,-0.4160139079269639,-0.30183580503545243,-0.3346453046126306,-0.5394109044656444,-0.3376983189723734,1
-0.38178809337077413,2.2178710029817448,0.6455067464458534,0.2732312961117544,0.41173269183271005,0.47234264016825267,0.7288155252362812,-0.44633927678392804,2.253709812906728,-0.3009753239857258,-0.5283622494715786,-0.39260073655797517,-0.7820157008848647,1.4281470373865712,0.6437371746065607,0.12489035931196941,0.1603008624913743,1.1977708126399784,0.8915255855732974,1
-0.5816549081366906,0.41682992448587897,-0.3778311375257703,0.2732312961117544,0.41173269183271005,0.47234264016825267,-1.3720893221584447,-0.44633927678392804,-0.44371284815512574,-0.3009753239857258,-0.5283622494715786,-0.39260073655797517,-0.7820157008848647,-0.7002080134759401,-0.3613140786925241,-0.26600248409657795,-0.3074504602662568,-0.3958481411060278,-0.24705640690654598,0
-0.6724141010713773,-0.18306108418896885,-1.532061076423997,-3.4548579441686273,0.41173269183271005,0.47234264016825267,0.7288155252362812,-0.44633927678392804,2.253709812906728,-0.3009753239857258,-0.5283622494715786,-0.39260073655797517,-0.7820157008848647,1.4281470373865712,-0.718954888531298,2.364857186285337,-0.6501055144409784,-1.638412776683009,-4.0287039344433495,1
-0.07428808409567142,-0.5544873301529852,-0.2469390825991673,0.2732312961117544,0.41173269183271005,0.47234264016825267,-1.3720893221584447,-0.44633927678392804,-0.44371284815512574,-0.3009753239857258,-0.5283622494715786,-0.39260073655797517,-0.7820157008848647,1.4281470373865712,-0.3214901236974786,-0.30758210936672437,-0.24762180270423415,-0.2979650130571582,-0.06078440959636888,1
-0.29610748343423776,-0.5544873301529852,-0.5444210256141742,-1.5908133240284363,0.41173269183271005,0.47234264016825267,-1.3720893221584447,2.2404481344448155,-0.44371284815512574,-0.3009753239857258,1.8926408936295354,-0.39260073655797517,-0.7820157008848647,1.4281470373865712,-0.5313019332822706,-0.4041884263369802,-0.11164759230354943,-0.8846440990943638,-0.5117562072339227,1
-0.31019645562265485,-0.5544873301529852,-0.8300036909085807,0.2732312961117544,-2.428760260810931,-2.1171071907541332,-1.3720893221584447,-0.44633927678392804,-0.44371284815512574,-0.3009753239857258,-0.5283622494715786,-0.39260073655797517,-0.7820157008848647,1.4281470373865712,-0.5446282372883947,-0.13283596285637264,-0.5141312772986985,-0.9290812655143675,-1.06499678892756,0
-0.08460907534997694,-0.5544873301529852,-0.1517448608343651,0.2732312961117544,0.41173269183271005,0.47234264016825267,0.7288155252362812,-0.44633927678392804,-0.44371284815512574,-0.3009753239857258,1.8926408936295354,-0.39260073655797517,-0.7820157008848647,-0.7002080134759401,-0.3312524161670812,-0.3833713138283493,-0.20411005175003585,-0.32148134907660947,0.06473873732769238,0
-0.45927744040706797,0.6425585822540657,-0.36593185980517007,0.2732312961117544,0.41173269183271005,0.47234264016825267,0.7288155252362812,-0.44633927678392804,-0.44371284815512574,-0.3009753239857258,-0.5283622494715786,-0.39260073655797517,-0.7820157008848647,1.4281470373865712,-0.14328954687139978,0.04921037134746165,-0.3020114913969819,0.08557077061692125,-0.22940168825346138,1
0.369678365097471,-0.5544873301529852,-0.49682391473177306,0.2732312961117544,-2.428760260810931,0.47234264016825267,0.7288155252362812,-0.44633927678392804,-0.44371284815512574,-0.3009753239857258,1.8926408936295354,-0.39260073655797517,-0.7820157008848647,1.4281470373865712,0.09844340951875936,0.5962134649859071,-0.36184014895900457,0.5036780921355968,-0.43255762089003547,0
0.09035630019920242,1.3693364576440608,2.013923684314885,0.2732312961117544,0.41173269183271005,0.47234264016825267,0.7288155252362812,2.2404481344448155,-0.44371284815512574,-0.3009753239857258,-0.5283622494715786,-0.39260073655797517,-0.7820157008848647,1.4281470373865712,0.7058749409606977,-0.38290565404249943,0.7857822824579742,1.2624809178721577,1.814093782899674,1
-0.45927744040706797,0.09909973802126458,-0.3540325820845698,0.2732312961117544,-2.428760260810931,0.47234264016825267,0.7288155252362812,-0.44633927678392804,-0.44371284815512574,-0.3009753239857258,1.8926408936295354,-0.39260073655797517,1.2787467040220322,-0.7002080134759401,-0.38951625693804265,-0.32648056263976394,-0.29657252252770716,-0.4684639433886089,-0.2118985141187817,0
-0.33395111803335803,0.10115181672824809,-0.4016296929669709,0.2732312961117544,-2.428760260810931,0.47234264016825267,0.7288155252362812,-0.44633927678392804,2.253709812906728,-0.3009753239857258,1.8926408936295354,-0.39260073655797517,-0.7820157008848647,-0.7002080134759401,-0.2700443919529063,-0.10691931426104716,-0.3183283980048063,-0.17878066492478206,-0.2828311362010103,0
-0.27628462721565095,0.44590103950147875,0.06244213813643986,0.2732312961117544,0.41173269183271005,0.47234264016825267,0.7288155252362812,2.2404481344448155,-0.44371284815512574,-0.3009753239857258,-0.5283622494715786,-0.39260073655797517,1.2787467040220322,-0.7002080134759401,-0.05930284022815217,-0.19115677540968212,-0.10620861210308981,0.2418602377772303,0.3217492871772336,0
0.6809463553066852,-0.5544873301529852,0.5384132469604509,0.2732312961117544,0.41173269183271005,0.47234264016825267,0.7288155252362812,-0.44633927678392804,-0.44371284815512574,-0.3009753239857258,-0.5283622494715786,2.5471169737663755,1.2787467040220322,-0.7002080134759401,0.392861753840107,-0.030174539860519854,0.11135014266790139,0.910510462046154,0.7981150277780172,1
-0.4266762140641029,0.216068224319325,-0.2826369157609681,0.2732312961117544,0.41173269183271005,0.47234264016825267,0.7288155252362812,-0.44633927678392804,-0.44371284815512574,-0.3009753239857258,-0.5283622494715786,-0.39260073655797517,1.2787467040220322,-0.7002080134759401,-0.3056845073181221,-0.25954871535582696,-0.2639387093120585,-0.260518130254981,-0.10992190212549849,1
-0.19289757089118253,-0.19879368760917582,-0.4254282484081714,0.2732312961117544,0.41173269183271005,0.47234264016825267,0.7288155252362812,-0.44633927678392804,2.253709812906728,-0.3009753239857258,1.8926408936295354,-0.39260073655797517,-0.7820157008848647,1.4281470373865712,-0.2725237043261387,-0.08802235531239279,-0.32920633574335584,-0.1843504955503294,-0.3192447336033025,1
-0.6489870891766838,-0.5544873301529852,-1.317874077453192,0.2732312961117544,0.41173269183271005,0.47234264016825267,-1.3720893221584447,-0.44633927678392804,-0.44371284815512574,-0.3009753239857258,1.8926408936295354,-0.39260073655797517,-0.7820157008848647,1.4281470373865712,-0.8650793615286826,-0.2651180275445981,-0.7371290009389644,-2.5618781788730405,-2.6153024818266064,0
-0.2708783937014909,0.15792599428812537,-0.3064354712021687,0.2732312961117544,0.41173269183271005,-2.1171071907541332,-1.3720893221584447,-0.44633927678392804,2.253709812906728,-0.3009753239857258,-0.5283622494715786,-0.39260073655797517,1.2787467040220322,-0.7002080134759401,-0.18466307209971547,-0.06849921986880708,-0.2748166470506081,0.003396579660454203,-0.14335063876429482,1
-0.2027270863714735,0.5977548638182589,0.6574060241664537,0.2732312961117544,0.41173269183271005,0.47234264016825267,0.7288155252362812,2.2404481344448155,-0.44371284815512574,-0.3009753239857258,-0.5283622494715786,-0.39260073655797517,-0.7820157008848647,1.4281470373865712,0.07907378160288123,-0.36364658378310694,0.16573983136064926,0.47346911108213885,0.9016452453828202,0
-0.36638851911831827,-0.5544873301529852,-0.8538022463497813,0.2732312961117544,0.41173269183271005,0.47234264016825267,-1.3720893221584447,-0.44633927678392804,-0.44371284815512574,-0.3009753239857258,-0.5283622494715786,-0.39260073655797517,-0.7820157008848647,1.4281470373865712,-0.5977784962895644,-0.22272528871666067,-0.525009215037248,-1.117853901304618,-1.1186606035515918,0
-0.11655500066092261,-0.5544873301529852,-0.4730253592905725,0.2732312961117544,0.41173269183271005,0.47234264016825267,-1.3720893221584447,2.2404481344448155,-0.44371284815512574,-0.3009753239857258,-0.5283622494715786,2.5471169737663755,-0.7820157008848647,-0.7002080134759401,-0.3614690357158511,-0.18379466593598429,-0.35096221122045496,-0.3962393847692768,-0.394082757437591,0
-0.3118347082027033,0.015648537270601597,-0.3778311375257703,0.2732312961117544,0.41173269183271005,0.47234264016825267,0.7288155252362812,-0.44633927678392804,-0.44371284815512574,-0.3009753239857258,-0.5283622494715786,-0.39260073655797517,1.2787467040220322,-0.7002080134759401,-0.28786444963551416,-0.15565116145619765,-0.3074504602662568,-0.21919464795577362,-0.24705640690654598,1
1.162592613840943,0.4715520233387727,2.0734200729178864,0.2732312961117544,0.41173269183271005,0.47234264016825267,-1.3720893221584447,-0.44633927678392804,-0.44371284815512574,3.322531517724777,-0.5283622494715786,-0.39260073655797517,-0.7820157008848647,-0.7002080134759401,1.313306472402636,-0.07303310231831407,0.8129771268043482,1.797834077927739,1.8461055434247569,0
-0.512520649258644,0.152453784402836,-0.21124124943736647,0.2732312961117544,0.41173269183271005,0.47234264016825267,0.7288155252362812,-0.44633927678392804,-0.44371284815512574,-0.3009753239857258,-0.5283622494715786,-0.39260073655797517,-0.7820157008848647,1.4281470373865712,-0.4157039938803099,-0.4582806338227312,-0.2313048960964098,-0.53856507205709,-0.012803201343461017,1
-0.5857505395868119,-0.09960988343830587,-0.5444210256141742,0.2732312961117544,-2.428760260810931,0.47234264016825267,0.7288155252362812,-0.44633927678392804,-0.44371284815512574,-0.3009753239857258,-0.5283622494715786,-0.39260073655797517,-0.7820157008848647,1.4281470373865712,-0.5991731094995075,-0.5204344637718334,-0.38359602443610374,-1.1230780929548332,-0.5117562072339227,0
-0.28447589011589347,-0.055490191238160284,-0.020852805907762065,0.2732312961117544,0.41173269183271005,-2.1171071907541332,0.7288155252362812,-0.44633927678392804,-0.44371284815512574,-0.3009753239857258,-0.5283622494715786,-0.39260073655797517,1.2787467040220322,-0.7002080134759401,-0.2942176875919222,-0.4138165890529865,-0.14428139418801336,-0.2338209296897931,0.22561194869847703,1
-0.2027270863714735,1.9114272494055395,0.45511830291624894,0.2732312961117544,0.41173269183271005,0.47234264016825267,-1.3720893221584447,-0.44633927678392804,-0.44371284815512574,-0.3009753239857258,-0.5283622494715786,-0.39260073655797517,-0.7820157008848647,1.4281470373865712,0.6742637082019846,0.2823025418696117,0.07327736058297796,1.229846063481042,0.7223835077197738,1
-0.2712060442175006,0.015990550388432185,-0.4254282484081714,0.2732312961117544,0.41173269183271005,0.47234264016825267,-1.3720893221584447,-0.44633927678392804,-0.44371284815512574,-0.3009753239857258,1.8926408936295354,-0.39260073655797517,1.2787467040220322,-0.7002080134759401,-0.24928015082708493,-0.05183118517178401,-0.32920633574335584,-0.13278489857427755,-0.3192447336033025,1
-0.2954521824022184,-0.5544873301529852,-0.7824065800261797,0.2732312961117544,0.41173269183271005,0.47234264016825267,-1.3720893221584447,-0.44633927678392804,-0.44371284815512574,-0.3009753239857258,-0.5283622494715786,-0.39260073655797517,-0.7820157008848647,1.4281470373865712,-0.5306821051889625,-0.16426512779033658,-0.4923754018215993,-0.882603196270768,-0.9617287853353964,0
-0.5903376468109477,-0.13962541822448443,-1.1750827448059888,0.2732312961117544,0.41173269183271005,0.47234264016825267,-1.3720893221584447,-0.44633927678392804,-0.44371284815512574,-0.3009753239857258,-0.5283622494715786,-0.39260073655797517,-0.7820157008848647,1.4281470373865712,-0.6216418778819263,0.342821767511404,-0.6718613745076671,-1.209361195186551,-2.0286878774554675,1
-0.4920424920080379,-0.5544873301529852,-0.841902968629181,0.2732312961117544,0.41173269183271005,0.47234264016825267,0.7288155252362812,-0.44633927678392804,-0.44371284815512574,-0.3009753239857258,-0.5283622494715786,-0.39260073655797517,-0.7820157008848647,1.4281470373865712,-0.7166305331813926,-0.5092876117793947,-0.5195702461679732,-1.6269046830757703,-1.0916521654395093,1
-0.23958776942256466,0.24445531309926363,-0.13984558311376483,0.2732312961117544,0.41173269183271005,0.47234264016825267,0.7288155252362812,-0.44633927678392804,-0.44371284815512574,-0.3009753239857258,-0.5283622494715786,-0.39260073655797517,1.2787467040220322,-0.7002080134759401,-0.11586215374251632,-0.11534396769241514,-0.19867108288076113,0.1380867458972512,0.07989945598767988,1
-0.11606352488690806,-0.5544873301529852,-0.5920181364965753,0.2732312961117544,0.41173269183271005,0.47234264016825267,0.7288155252362812,-0.44633927678392804,-0.44371284815512574,-0.3009753239857258,1.8926408936295354,2.5471169737663755,-0.7820157008848647,1.4281470373865712,-0.36100416464587004,-0.06059248148473923,-0.4053518999132028,-0.3950659037666142,-0.594155590493605,1
-0.3265789814231398,-0.5544873301529852,-0.6872123582613775,0.2732312961117544,0.41173269183271005,-2.1171071907541332,-1.3720893221584447,-0.44633927678392804,-0.44371284815512574,-0.3009753239857258,-0.5283622494715786,-0.39260073655797517,-0.7820157008848647,1.4281470373865712,-0.5601239396210973,-0.33014130692652693,-0.44886365086740104,-0.9821419385032523,-0.7696709506980769,1
0.04022577124971845,-0.5544873301529852,-1.2107805779677896,0.2732312961117544,0.41173269183271005,0.47234264016825267,0.7288155252362812,2.2404481344448155,-0.44371284815512574,-0.3009753239857258,-0.5283622494715786,-0.39260073655797517,-0.7820157008848647,1.4281470373865712,-0.21317516439188808,2.0488245023777845,-0.6881782811154914,-0.055451993749438724,-2.160288844874668,1
0.06840371562655258,-0.5544873301529852,-0.020852805907762065,0.2732312961117544,0.41173269183271005,0.47234264016825267,0.7288155252362812,-0.44633927678392804,-0.44371284815512574,-0.3009753239857258,-0.5283622494715786,-0.39260073655797517,-0.7820157008848647,1.4281470373865712,-0.18652255637963977,-0.28572330124566037,-0.14428139418801336,-0.0003844143860791762,0.22561194869847703,1
-0.45190530379684973,0.6220377951842305,-0.3064354712021687,0.2732312961117544,-2.428760260810931,-2.1171071907541332,0.7288155252362812,-0.44633927678392804,-0.44371284815512574,-0.3009753239857258,-0.5283622494715786,-0.39260073655797517,-0.7820157008848647,1.4281470373865712,-0.14561390222130513,-0.012764817430039342,-0.2748166470506081,0.08105045457412062,-0.14335063876429482,0
-0.22992207920027855,0.22359251291159787,-0.020852805907762065,0.2732312961117544,0.41173269183271005,-2.1171071907541332,-1.3720893221584447,-0.44633927678392804,-0.44371284815512574,-0.3009753239857258,-0.5283622494715786,-0.39260073655797517,1.2787467040220322,-0.7002080134759401,-0.11617206778917037,-0.20204797367080277,-0.14428139418801336,0.1375016567967157,0.22561194869847703,1
-0.5693680137863268,0.00778223556049812,-0.5444210256141742,0.2732312961117544,0.41173269183271005,-2.1171071907541332,0.7288155252362812,-0.44633927678392804,-0.44371284815512574,-0.3009753239857258,1.8926408936295354,-0.39260073655797517,1.2787467040220322,-0.7002080134759401,-0.5350209018421191,-0.4105580722238214,-0.38359602443610374,-0.8969373810003096,-0.5117562072339227,1
-0.3796583650167111,-0.5544873301529852,-0.3064354712021687,0.2732312961117544,0.41173269183271005,-2.1171071907541332,-1.3720893221584447,-0.44633927678392804,-0.44371284815512574,-0.3009753239857258,-0.5283622494715786,-0.39260073655797517,1.2787467040220322,-0.7002080134759401,-0.6103300151790534,-0.6760484401041055,-0.2748166470506081,-1.1654154640025738,-0.14335063876429482,1
-0.19224226985916312,-0.5544873301529852,-0.4016296929669709,0.2732312961117544,0.41173269183271005,-2.1171071907541332,-1.3720893221584447,-0.44633927678392804,-0.44371284815512574,-0.3009753239857258,-0.5283622494715786,-0.39260073655797517,1.2787467040220322,-0.7002080134759401,-0.4330591804929367,-0.3562075413723578,-0.3183283980048063,-0.5865421043226392,-0.2828311362010103,0
-0.1290057202692912,-0.5544873301529852,-0.13984558311376483,0.2732312961117544,0.41173269183271005,0.47234264016825267,0.7288155252362812,-0.44633927678392804,2.253709812906728,-0.3009753239857258,-0.5283622494715786,-0.39260073655797517,-0.7820157008848647,1.4281470373865712,-0.37324576948870497,-0.44432351018279587,-0.19867108288076113,-0.42622049363217274,0.07989945598767988,0
0.9987673558360934,-0.5544873301529852,1.6688446304174769,0.2732312961117544,-2.428760260810931,-2.1171071907541332,0.7288155252362812,2.2404481344448155,-0.44371284815512574,-0.3009753239857258,-0.5283622494715786,2.5471169737663755,-0.7820157008848647,1.4281470373865712,0.6934783790945357,-0.29139811222605755,0.6280521852490056,1.2497519725162192,1.6178093218591358,0
-0.4415843125425442,-0.1553580216446914,-0.580118858775975,0.2732312961117544,0.41173269183271005,0.47234264016825267,0.7288155252362812,-0.44633927678392804,2.253709812906728,-0.3009753239857258,-0.5283622494715786,-0.39260073655797517,1.2787467040220322,-0.7002080134759401,-0.4880689237740306,-0.2983341082801111,-0.39991293104392805,-0.7474658493558628,-0.5732414864740824,1
-0.5359476611533376,-0.010344459684522937,-0.5920181364965753,0.2732312961117544,0.41173269183271005,0.47234264016825267,0.7288155252362812,-0.44633927678392804,-0.44371284815512574,-0.3009753239857258,-0.5283622494715786,-0.39260073655797517,1.2787467040220322,-0.7002080134759401,-0.5116223913197384,-0.3293119162161914,-0.4053518999132028,-0.8209277303784762,-0.594155590493605,1
-0.3337872927753532,0.19794152907430393,-0.12794630539316454,0.2732312961117544,0.41173269183271005,0.47234264016825267,0.7288155252362812,-0.44633927678392804,-0.44371284815512574,-0.3009753239857258,-0.5283622494715786,-0.39260073655797517,-0.7820157008848647,-0.7002080134759401,-0.22603659732803116,-0.2643314200696248,-0.19323211401148638,-0.08262786220786601,0.09494828640563074,0
0.4384849734595078,0.21504218496583322,0.40752119203384785,0.2732312961117544,0.41173269183271005,0.47234264016825267,0.7288155252362812,2.2404481344448155,-0.44371284815512574,-0.3009753239857258,-0.5283622494715786,-0.39260073655797517,-0.7820157008848647,1.4281470373865712,0.5121786618019164,0.1645384495680944,0.051521485105878756,1.0527444747128432,0.6778110824203202,1
-0.3352617200973968,0.4233281737246601,-0.020852805907762065,0.2732312961117544,0.41173269183271005,0.47234264016825267,0.7288155252362812,-0.44633927678392804,2.253709812906728,-0.3009753239857258,1.8926408936295354,-0.39260073655797517,-0.7820157008848647,1.4281470373865712,-0.12531453216546487,-0.2129220801177556,-0.14428139418801336,0.12015712290778575,0.22561194869847703,1
-0.4756599662075529,0.743794465131919,-0.3064354712021687,0.2732312961117544,0.41173269183271005,0.47234264016825267,0.7288155252362812,-0.44633927678392804,-0.44371284815512574,-0.3009753239857258,-0.5283622494715786,-0.39260073655797517,-0.7820157008848647,1.4281470373865712,-0.11291797029930285,0.03390168619924653,-0.2748166470506081,0.14363581420004165,-0.14335063876429482,1
-0.38899640472298747,-0.5544873301529852,-0.5563203033347744,0.2732312961117544,0.41173269183271005,0.47234264016825267,0.7288155252362812,-0.44633927678392804,-0.44371284815512574,3.322531517724777,-0.5283622494715786,-0.39260073655797517,-0.7820157008848647,1.4281470373865712,-0.6191625655086939,-0.546551085059065,-0.3890349933053785,-1.1996388581059778,-0.532045999180452,1
-0.4578030130850243,0.6251159132447058,0.2290320262248437,-2.5228356340985316,-2.428760260810931,0.47234264016825267,0.7288155252362812,-0.44633927678392804,-0.44371284815512574,-0.3009753239857258,1.8926408936295354,2.5471169737663755,-0.7820157008848647,-0.7002080134759401,-0.1497977418511348,-0.38414652235701363,0.867366765639884,0.07288573837873774,0.5014094565867142,0
-0.07510721038569566,-0.5544873301529852,-0.21124124943736647,0.2732312961117544,-2.428760260810931,0.47234264016825267,0.7288155252362812,2.2404481344448155,-0.44371284815512574,-0.3009753239857258,-0.5283622494715786,-0.39260073655797517,-0.7820157008848647,-0.7002080134759401,-0.32226490881411374,-0.33325144912921256,-0.2313048960964098,-0.29982042609416903,-0.012803201343461017,0
-0.2027270863714735,-0.5544873301529852,-0.3540325820845698,0.2732312961117544,-2.428760260810931,-2.1171071907541332,-1.3720893221584447,-0.44633927678392804,-0.44371284815512574,-0.3009753239857258,-0.5283622494715786,-0.39260073655797517,1.2787467040220322,-0.7002080134759401,-0.4429764299858663,-0.40541475305897984,-0.29657252252770716,-0.6145310567710509,-0.2118985141187817,0
0.052840316116091864,1.0170629462785572,1.3356648542406693,0.2732312961117544,0.41173269183271005,0.47234264016825267,0.7288155252362812,-0.44633927678392804,-0.44371284815512574,-0.3009753239857258,-0.5283622494715786,-0.39260073655797517,1.2787467040220322,-0.7002080134759401,0.5107840485919731,-0.2968631199308855,0.47576105690931164,1.0511440563537995,1.4084864903813301,0
-0.3609822856041582,0.21641023743715557,-0.23503980487856702,-2.5228356340985316,-2.428760260810931,0.47234264016825267,-1.3720893221584447,-0.44633927678392804,-0.44371284815512574,-0.3009753239857258,1.8926408936295354,-0.39260073655797517,-0.7820157008848647,1.4281470373865712,-0.24339178394065797,-0.20976254484729545,0.443127205620883,-0.1199482972196264,-0.04466490062062163,0
0.8758984123324562,-0.5544873301529852,1.9782258511530841,0.2732312961117544,0.41173269183271005,0.47234264016825267,0.7288155252362812,2.2404481344448155,-0.44371284815512574,-0.3009753239857258,-0.5283622494715786,-0.39260073655797517,-0.7820157008848647,1.4281470373865712,0.5772606115992669,-0.4441279493616888,0.7694653758501498,1.1259205445315268,1.7946426916899505,1
0.2779362206147552,-0.5544873301529852,-0.2469390825991673,-4.386880254238722,0.41173269183271005,0.47234264016825267,0.7288155252362812,-0.44633927678392804,-0.44371284815512574,3.322531517724777,1.8926408936295354,2.5471169737663755,-0.7820157008848647,1.4281470373865712,0.01166747645562532,0.14890918832005906,3.1517331740333403,0.3642900822894511,-0.06078440959636888,1
-0.18077450179882365,-0.5544873301529852,-0.11604702767256427,0.2732312961117544,-2.428760260810931,-2.1171071907541332,-1.3720893221584447,-0.44633927678392804,-0.44371284815512574,-0.3009753239857258,-0.5283622494715786,-0.39260073655797517,1.2787467040220322,-0.7002080134759401,-0.4222121888600449,-0.5194352814202358,-0.18779314514221151,-0.5564098884049444,0.10988686799186656,0
-0.3596716835401194,0.4941248891155914,0.31232697026904566,0.2732312961117544,0.41173269183271005,0.47234264016825267,0.7288155252362812,-0.44633927678392804,-0.44371284815512574,-0.3009753239857258,-0.5283622494715786,-0.39260073655797517,-0.7820157008848647,1.4281470373865712,-0.1163270248124974,-0.3904738963152081,0.008009734151680582,0.13720904232290485,0.5856323478224004,1
-0.5780507524605839,0.08678726577936348,-0.580118858775975,0.2732312961117544,0.41173269183271005,0.47234264016825267,0.7288155252362812,-0.44633927678392804,2.253709812906728,-0.3009753239857258,1.8926408936295354,2.5471169737663755,1.2787467040220322,-0.7002080134759401,-0.5074385516899087,-0.3325353854876999,-0.39991293104392805,-0.8076620787293439,-0.5732414864740824,1
-0.3118347082027033,-0.5544873301529852,-0.7705073023055794,-0.6587910139583409,0.41173269183271005,0.47234264016825267,-1.3720893221584447,-0.44633927678392804,-0.44371284815512574,-0.3009753239857258,-0.5283622494715786,-0.39260073655797517,1.2787467040220322,-0.7002080134759401,-0.546177807521665,-0.2117753436390031,-0.3988251402071161,-0.9343188678287386,-0.9367087503711017,1
-0.10623400940661709,-0.5544873301529852,-0.6039174142171756,0.2732312961117544,-2.428760260810931,0.47234264016825267,0.7288155252362812,-0.44633927678392804,-0.44371284815512574,3.322531517724777,1.8926408936295354,-0.39260073655797517,1.2787467040220322,-0.7002080134759401,-0.3517067432462485,-0.030167296780210216,-0.41079086878247756,-0.3717524023880279,-0.6152864248387256,0
-0.02251930256613895,0.052243940878474296,0.49081613607804975,0.2732312961117544,0.41173269183271005,0.47234264016825267,0.7288155252362812,-0.44633927678392804,-0.44371284815512574,3.322531517724777,-0.5283622494715786,2.5471169737663755,1.2787467040220322,-0.7002080134759401,0.002370055056003815,-0.35941351611801975,0.08959426719080218,0.3487082991358969,0.7551848680986367,1
-0.2708783937014909,-0.5544873301529852,-0.3897304152463706,2.1372759162519452,0.41173269183271005,0.47234264016825267,-1.3720893221584447,-0.44633927678392804,-0.44371284815512574,-0.3009753239857258,-0.5283622494715786,-0.39260073655797517,-0.7820157008848647,1.4281470373865712,-0.5074385516899087,-0.47781513422084293,-0.4665402964914844,-0.8076620787293439,-0.26486531719390427,0
-0.2708783937014909,1.0700749795422981,0.35992408115144675,0.2732312961117544,0.41173269183271005,0.47234264016825267,-1.3720893221584447,-0.44633927678392804,-0.44371284815512574,-0.3009753239857258,-0.5283622494715786,-0.39260073655797517,-0.7820157008848647,1.4281470373865712,0.22860730911346044,-0.07680304887208124,0.02976560962877967,0.6947293160283451,0.6322425432713717,0
-0.7213978532148273,0.4790763119310456,-0.4254282484081714,0.2732312961117544,0.41173269183271005,0.47234264016825267,0.7288155252362812,2.2404481344448155,-0.44371284815512574,-0.3009753239857258,-0.5283622494715786,2.5471169737663755,-0.7820157008848647,1.4281470373865712,-0.4652902413449579,-0.3881677930118416,-0.32920633574335584,-0.6791109736865549,-0.3192447336033025,0
-0.36638851911831827,0.8135651411693586,0.40752119203384785,-0.6587910139583409,-2.428760260810931,0.47234264016825267,0.7288155252362812,-0.44633927678392804,-0.44371284815512574,3.322531517724777,-0.5283622494715786,-0.39260073655797517,1.2787467040220322,-0.7002080134759401,0.022049597018536,-0.301831708661294,0.24732435787300858,0.38153489926033285,0.6778110824203202,0
-0.3391935262895132,0.18631308306806402,-0.18744269399616592,0.2732312961117544,0.41173269183271005,0.47234264016825267,0.7288155252362812,-0.44633927678392804,-0.44371284815512574,3.322531517724777,1.8926408936295354,2.5471169737663755,1.2787467040220322,-0.7002080134759401,-0.23641871789094185,-0.235923588252282,-0.22042695835786022,-0.10486220676508555,0.018568298456255856,1
-0.25515116893302536,-0.5544873301529852,-0.41352897068757116,0.2732312961117544,0.41173269183271005,-2.1171071907541332,-1.3720893221584447,-0.44633927678392804,-0.44371284815512574,-0.3009753239857258,-0.5283622494715786,-0.39260073655797517,1.2787467040220322,-0.7002080134759401,-0.4925626774505143,-0.43899193281292065,-0.32376736687408114,-0.7612566073414835,-0.300956653470836,1
-0.49286161829806213,-0.5544873301529852,-0.21124124943736647,0.2732312961117544,0.41173269183271005,0.47234264016825267,0.7288155252362812,2.2404481344448155,-0.44371284815512574,-0.3009753239857258,-0.5283622494715786,2.5471169737663755,1.2787467040220322,-0.7002080134759401,-0.7174053182980277,-0.8619818321615055,-0.2313048960964098,-1.6307327064059896,-0.012803201343461017,1
-0.6594719056889942,0.088839344486347,0.2528305816660443,0.2732312961117544,0.41173269183271005,-2.1171071907541332,0.7288155252362812,-0.44633927678392804,2.253709812906728,-0.3009753239857258,-0.5283622494715786,-0.39260073655797517,-0.7820157008848647,1.4281470373865712,-0.583522450143478,-0.8406426443788186,-0.019185110194693357,-1.065286591874432,0.525830194774769,0
0.09772843680942066,0.21504218496583322,1.4189597982848712,0.2732312961117544,0.41173269183271005,0.47234264016825267,0.7288155252362812,-0.44633927678392804,-0.44371284815512574,-0.3009753239857258,-0.5283622494715786,-0.39260073655797517,1.2787467040220322,-0.7002080134759401,0.18986805328170417,-0.532322414948143,0.5138338389942351,0.6399168020640469,1.4628659067907284,0
-0.23188798229633673,-0.5544873301529852,-1.1393849116441879,-1.5908133240284363,0.41173269183271005,0.47234264016825267,0.7288155252362812,2.2404481344448155,-0.44371284815512574,-0.3009753239857258,-0.5283622494715786,-0.39260073655797517,-0.7820157008848647,1.4281470373865712,-0.4705587801380767,0.7582717363270308,-0.5195702518335655,-0.694696257532366,-1.905067770582251,1
-0.4976125507802028,0.3111478710762279,-0.11604702767256427,0.2732312961117544,0.41173269183271005,0.47234264016825267,-1.3720893221584447,-0.44633927678392804,-0.44371284815512574,-0.3009753239857258,-0.5283622494715786,-0.39260073655797517,1.2787467040220322,-0.7002080134759401,-0.32970284593381094,-0.402931644928098,-0.18779314514221151,-0.31772843110058746,0.10988686799186656,1
-0.3391935262895132,0.12953890550818672,-0.5563203033347744,0.2732312961117544,0.41173269183271005,0.47234264016825267,0.7288155252362812,-0.44633927678392804,2.253709812906728,-0.3009753239857258,1.8926408936295354,-0.39260073655797517,1.2787467040220322,-0.7002080134759401,-0.262141583763228,0.07111154576830919,-0.3890349933053785,-0.1611387455899825,-0.532045999180452,1
-0.4756599662075529,0.16989645341219586,-0.49682391473177306,0.2732312961117544,0.41173269183271005,0.47234264016825267,0.7288155252362812,-0.44633927678392804,-0.44371284815512574,-0.3009753239857258,-0.5283622494715786,-0.39260073655797517,1.2787467040220322,-0.7002080134759401,-0.37293585544205093,-0.18008713045864533,-0.36184014895900457,-0.4254252133570736,-0.43255762089003547,1
0.5181040488498647,-0.5544873301529852,0.7644995236518561,0.2732312961117544,0.41173269183271005,0.47234264016825267,-1.3720893221584447,-0.44633927678392804,-0.44371284815512574,-0.3009753239857258,-0.5283622494715786,-0.39260073655797517,-0.7820157008848647,1.4281470373865712,0.2388344726530441,-0.2759866079710786,0.21469055118412217,0.708930926577632,0.9905308203319032,1
0.047761733117941525,0.8706813318470665,0.34802480343084646,0.2732312961117544,0.41173269183271005,0.47234264016825267,0.7288155252362812,-0.44633927678392804,-0.44371284815512574,-0.3009753239857258,-0.5283622494715786,-0.39260073655797517,1.2787467040220322,-0.7002080134759401,0.4396587748848686,0.13707987990856055,0.024326640759504924,0.9676158918402913,0.6206894966924292,1
-0.4006279980413318,0.43735071155571414,-0.17554341627556563,0.2732312961117544,0.41173269183271005,0.47234264016825267,0.7288155252362812,-0.44633927678392804,-0.44371284815512574,-0.3009753239857258,-0.5283622494715786,-0.39260073655797517,1.2787467040220322,-0.7002080134759401,-0.18078914651653985,-0.17176115438379194,-0.21498798948858547,0.0112487344733001,0.03407489232129134,1
0.13868475131063304,1.3792548380611478,0.50271541379865,-2.5228356340985316,0.41173269183271005,0.47234264016825267,0.7288155252362812,-0.44633927678392804,2.253709812906728,-0.3009753239857258,-0.5283622494715786,-0.39260073655797517,1.2787467040220322,-0.7002080134759401,0.7560810165186539,0.32192869602797036,1.1175593266767307,1.3131493702771235,0.7660024386492361,1
-0.3490230417698042,0.06797654429868126,-0.7705073023055794,0.2732312961117544,0.41173269183271005,0.47234264016825267,0.7288155252362812,-0.44633927678392804,2.253709812906728,-0.3009753239857258,1.8926408936295354,-0.39260073655797517,-0.7820157008848647,1.4281470373865712,-0.299331269361714,0.31018173762260964,-0.4869364329523245,-0.24567851324070122,-0.9367087503711017,1
-0.20813331988563355,-0.5544873301529852,-0.2826369157609681,0.2732312961117544,0.41173269183271005,0.47234264016825267,-1.3720893221584447,-0.44633927678392804,-0.44371284815512574,-0.3009753239857258,-0.5283622494715786,-0.39260073655797517,1.2787467040220322,-0.7002080134759401,-0.4480900117556581,-0.4594703231278807,-0.2639387093120585,-0.6291312951538419,-0.10992190212549849,1
-0.2921756772421214,-0.5544873301529852,-1.4368668546591947,-3.4548579441686273,0.41173269183271005,0.47234264016825267,-1.3720893221584447,-0.44633927678392804,-0.44371284815512574,-0.3009753239857258,1.8926408936295354,-0.39260073655797517,1.2787467040220322,-0.7002080134759401,-0.5275829647224219,2.4844448304400957,-0.5195702688303416,-0.872432568628603,-3.2788736632267335,1
0.22583978856921302,-0.5544873301529852,-0.21124124943736647,0.2732312961117544,0.41173269183271005,0.47234264016825267,-1.3720893221584447,-0.44633927678392804,-0.44371284815512574,-0.3009753239857258,-0.5283622494715786,-0.39260073655797517,-0.7820157008848647,1.4281470373865712,-0.03760885696236866,0.04764177190228652,-0.2313048960964098,0.2801578120547918,-0.012803201343461017,0
-0.4782811703356305,0.2328268670930237,-0.10414774995196399,0.2732312961117544,0.41173269183271005,-2.1171071907541332,0.7288155252362812,-0.44633927678392804,-0.44371284815512574,-0.3009753239857258,-0.5283622494715786,-0.39260073655797517,1.2787467040220322,-0.7002080134759401,-0.3469030755231107,-0.43141050105407563,-0.1823541762729368,-0.3598220731085559,0.12471680438712059,1
-0.5613405761440893,-0.213500251675891,-1.1393849116441879,0.2732312961117544,0.41173269183271005,0.47234264016825267,0.7288155252362812,-0.44633927678392804,-0.44371284815512574,-0.3009753239857258,-0.5283622494715786,-0.39260073655797517,1.2787467040220322,-0.7002080134759401,-0.6276852017916802,0.22003671271243952,-0.6555444678998427,-1.233277306476143,-1.905067770582251,1
-0.19912293069536682,-0.5544873301529852,-0.36593185980517007,-2.5228356340985316,0.41173269183271005,0.47234264016825267,0.7288155252362812,-0.44633927678392804,-0.44371284815512574,-0.3009753239857258,1.8926408936295354,-0.39260073655797517,1.2787467040220322,-0.7002080134759401,-0.4395673754726717,-0.3920491610617391,0.323469893820652,-0.6048616598995563,-0.22940168825346138,1
-0.5970544823891465,0.6565811200851197,-0.17554341627556563,0.2732312961117544,0.41173269183271005,0.47234264016825267,0.7288155252362812,-0.44633927678392804,-0.44371284815512574,-0.3009753239857258,-0.5283622494715786,-0.39260073655797517,1.2787467040220322,-0.7002080134759401,-0.2672551655330198,-0.2848102157376701,-0.21498798948858547,-0.17253473330269467,0.03407489232129134,1
-0.18274040489488186,0.5615014733282169,-0.1517448608343651,-2.5228356340985316,0.41173269183271005,0.47234264016825267,0.7288155252362812,-0.44633927678392804,2.253709812906728,-0.3009753239857258,1.8926408936295354,-0.39260073655797517,-0.7820157008848647,1.4281470373865712,0.08155309397611364,0.14823072450416766,0.5192727676755755,0.4773637087806303,0.06473873732769238,1
-0.09181738670219032,0.7472145963102249,0.06244213813643986,0.2732312961117544,0.41173269183271005,0.47234264016825267,-1.3720893221584447,-0.44633927678392804,-0.44371284815512574,-0.3009753239857258,-0.5283622494715786,-0.39260073655797517,1.2787467040220322,-0.7002080134759401,0.2516959055891872,0.16159928768810566,-0.10620861210308981,0.7266360154111589,0.3217492871772336,1
1.35099166054652,-0.5544873301529852,-0.21124124943736647,0.2732312961117544,0.41173269183271005,0.47234264016825267,0.7288155252362812,-0.44633927678392804,-0.44371284815512574,-0.3009753239857258,-0.5283622494715786,-0.39260073655797517,-0.7820157008848647,1.4281470373865712,1.0266359792476396,1.471688936869263,-0.2313048960964098,1.5644552107025487,-0.012803201343461017,1
-0.1231080109811166,0.6709456710340044,-0.21124124943736647,0.2732312961117544,0.41173269183271005,0.47234264016825267,0.7288155252362812,-0.44633927678392804,-0.44371284815512574,-0.3009753239857258,-0.5283622494715786,-0.39260073655797517,1.2787467040220322,-0.7002080134759401,0.1875436979317988,0.3489144176065698,-0.2313048960964098,0.6365754374134076,-0.012803201343461017,1
-0.26006592667317086,-0.2966094393087234,0.16953563762184234,0.2732312961117544,0.41173269183271005,0.47234264016825267,0.7288155252362812,-0.44633927678392804,-0.44371284815512574,-0.3009753239857258,-0.5283622494715786,-0.39260073655797517,-0.7820157008848647,1.4281470373865712,-0.38037379256174814,-0.6005194622762339,-0.057257892279616786,-0.4446076515741594,0.43904657575501027,1
-0.38522842378887595,-0.20221381878748168,-0.5444210256141742,0.2732312961117544,0.41173269183271005,0.47234264016825267,0.7288155252362812,2.2404481344448155,-0.44371284815512574,-0.3009753239857258,-0.5283622494715786,-0.39260073655797517,-0.7820157008848647,1.4281470373865712,-0.4559928199453364,-0.2752030971284442,-0.38359602443610374,-0.6519261378068031,-0.5117562072339227,1
0.9851698594216909,-0.16938055947574543,0.9429886894608602,0.2732312961117544,0.41173269183271005,0.47234264016825267,0.7288155252362812,-0.44633927678392804,2.253709812906728,-0.3009753239857258,-0.5283622494715786,-0.39260073655797517,-0.7820157008848647,1.4281470373865712,0.8550985544246229,0.12095357230744133,0.296275084223244,1.4091585606709875,1.1305703164157326,1
0.31610750572988516,-0.5544873301529852,-0.3064354712021687,0.2732312961117544,0.41173269183271005,0.47234264016825267,-1.3720893221584447,-0.44633927678392804,-0.44371284815512574,-0.3009753239857258,1.8926408936295354,-0.39260073655797517,-0.7820157008848647,-0.7002080134759401,0.04777246289082217,0.263253175600049,-0.2748166470506081,0.42357592360439517,-0.14335063876429482,0
-0.26268713080124845,0.6767598940371243,0.8358951899754578,0.2732312961117544,-2.428760260810931,0.47234264016825267,0.7288155252362812,-0.44633927678392804,2.253709812906728,-0.3009753239857258,-0.5283622494715786,-0.39260073655797517,-0.7820157008848647,1.4281470373865712,0.058154583453732846,-0.4493263619397129,0.24732436439977087,0.44027535901543985,1.047705797711511,0
-0.5459410018916334,-0.2966094393087234,-0.6158166919377758,2.1372759162519452,0.41173269183271005,0.47234264016825267,0.7288155252362812,-0.44633927678392804,-0.44371284815512574,3.322531517724777,1.8926408936295354,-0.39260073655797517,1.2787467040220322,-0.7002080134759401,-0.6507737982674069,-0.5609562586537644,-0.5440456034168812,-1.3276297319599675,-0.6366385284875709,1
-0.014328039665896469,-0.5544873301529852,-0.11604702767256427,0.2732312961117544,0.41173269183271005,0.47234264016825267,-1.3720893221584447,-0.44633927678392804,-0.44371284815512574,-0.3009753239857258,-0.5283622494715786,-0.39260073655797517,-0.7820157008848647,1.4281470373865712,-0.2647758531597874,-0.32116443606678197,-0.18779314514221151,-0.1670005731478291,0.10988686799186656,1
-0.40537893052347246,0.24342927374577186,-0.08034919451076344,0.2732312961117544,0.41173269183271005,-2.1171071907541332,0.7288155252362812,-0.44633927678392804,-0.44371284815512574,-0.3009753239857258,-0.5283622494715786,-0.39260073655797517,1.2787467040220322,-0.7002080134759401,-0.2731435324194468,-0.35386514065523533,-0.17147623853438718,-0.18574559694810766,0.15405698348110242,1
-0.3000392896263542,0.8525546366020454,0.07434141585704014,0.2732312961117544,-2.428760260810931,0.47234264016825267,0.7288155252362812,-0.44633927678392804,-0.44371284815512574,-0.3009753239857258,1.8926408936295354,-0.39260073655797517,-0.7820157008848647,-0.7002080134759401,0.10247229212526202,-0.016547935237567313,-0.10076964323381507,0.5098996064645056,0.3351205302800961,0
0.33543888617445744,-0.5544873301529852,-0.21124124943736647,0.2732312961117544,0.41173269183271005,-2.1171071907541332,-1.3720893221584447,2.2404481344448155,-0.44371284815512574,-0.3009753239857258,-0.5283622494715786,2.5471169737663755,1.2787467040220322,-0.7002080134759401,0.06605739164341112,0.1863557429801705,-0.2313048960964098,0.45288584531487747,-0.012803201343461017,1
-0.05790555829518646,-0.5544873301529852,-0.3302340266433692,0.2732312961117544,0.41173269183271005,0.47234264016825267,-1.3720893221584447,-0.44633927678392804,-0.44371284815512574,-0.3009753239857258,-0.5283622494715786,-0.39260073655797517,1.2787467040220322,-0.7002080134759401,-0.3059944213647761,-0.2227434679855956,-0.2856945847891576,-0.2612450907262738,-0.17733654659761747,1
1.5038406262650446,-0.5544873301529852,0.4670175806368492,-2.5228356340985316,0.41173269183271005,0.47234264016825267,0.7288155252362812,2.2404481344448155,-0.44371284815512574,-0.3009753239857258,-0.5283622494715786,-0.39260073655797517,-0.7820157008848647,-0.7002080134759401,1.1712108820117542,0.7335107630517129,1.084925514367577,1.685857291308732,0.7333760263436212,1
-0.36638851911831827,0.22632861785424258,0.09813997129824069,0.2732312961117544,0.41173269183271005,-2.1171071907541332,0.7288155252362812,-0.44633927678392804,-0.44371284815512574,-0.3009753239857258,-0.5283622494715786,-0.39260073655797517,1.2787467040220322,-0.7002080134759401,-0.24401161203396607,-0.41932664271782627,-0.08989170549526547,-0.12129530049037261,0.3616028150499546,1
-0.5225139899969399,-0.07635299142582604,-0.7229101914231782,0.2732312961117544,0.41173269183271005,0.47234264016825267,0.7288155252362812,2.2404481344448155,-0.44371284815512574,-0.3009753239857258,-0.5283622494715786,-0.39260073655797517,-0.7820157008848647,1.4281470373865712,-0.5288226209090382,-0.23077171459467766,-0.4651805574752254,-0.876494062408193,-0.839590049589066,1
0.02695592535132563,0.17810476824012994,0.34802480343084646,0.2732312961117544,0.41173269183271005,0.47234264016825267,0.7288155252362812,-0.44633927678392804,-0.44371284815512574,-0.3009753239857258,-0.5283622494715786,-0.39260073655797517,-0.7820157008848647,-0.7002080134759401,0.10619126068511063,-0.18928865666157618,0.024326640759504924,0.5156238936088886,0.6206894966924292,0
0.8198701740947977,-0.5544873301529852,1.3475641319612697,0.2732312961117544,0.41173269183271005,-2.1171071907541332,-1.3720893221584447,-0.44633927678392804,-0.44371284815512574,-0.3009753239857258,-0.5283622494715786,-0.39260073655797517,-0.7820157008848647,1.4281470373865712,0.5242653096214243,-0.2920473429620154,0.4812000257785864,1.06655664840245,1.4163443315754325,1
0.04317462589380574,0.3576616551011876,0.40752119203384785,0.2732312961117544,0.41173269183271005,0.47234264016825267,0.7288155252362812,-0.44633927678392804,-0.44371284815512574,-0.3009753239857258,-0.5283622494715786,-0.39260073655797517,-0.7820157008848647,-0.7002080134759401,0.20288444324117427,-0.1297627947650891,0.051521485105878756,0.6585169102808528,0.6778110824203202,1
-0.2027270863714735,-0.5544873301529852,-1.2107805779677896,0.2732312961117544,0.41173269183271005,-2.1171071907541332,-1.3720893221584447,-0.44633927678392804,-0.44371284815512574,-0.3009753239857258,-0.5283622494715786,-0.39260073655797517,1.2787467040220322,-0.7002080134759401,-0.4429764299858663,1.1542995357164036,-0.6881782811154914,-0.6145310567710509,-2.160288844874668,1
-0.5351285348633134,2.5167904679656767,-0.10414774995196399,0.2732312961117544,-2.428760260810931,-2.1171071907541332,-1.3720893221584447,-0.44633927678392804,-0.44371284815512574,-0.3009753239857258,-0.5283622494715786,-0.39260073655797517,1.2787467040220322,-0.7002080134759401,0.6341298391602851,0.7950563237237401,-0.1823541762729368,1.1875590425037659,0.12471680438712059,1
-0.40079182329933666,-0.5544873301529852,-0.7705073023055794,0.2732312961117544,0.41173269183271005,0.47234264016825267,0.7288155252362812,-0.44633927678392804,2.253709812906728,-0.3009753239857258,-0.5283622494715786,-0.39260073655797517,1.2787467040220322,-0.7002080134759401,-0.6303194711882396,-0.38969291747770723,-0.4869364329523245,-1.2438005566305501,-0.9367087503711017,1
-0.18077450179882365,0.13432708915781494,0.5741110801222516,0.2732312961117544,0.41173269183271005,0.47234264016825267,0.7288155252362812,-0.44633927678392804,-0.44371284815512574,-0.3009753239857258,1.8926408936295354,-0.39260073655797517,-0.7820157008848647,-0.7002080134759401,-0.1101287438794164,-0.49478620003537704,0.1276670492757256,0.14887740327705698,0.8297297272042946,1
-0.2803802586657722,-0.5544873301529852,-0.6277159696583761,0.2732312961117544,0.41173269183271005,-2.1171071907541332,-1.3720893221584447,-0.44633927678392804,-0.44371284815512574,-0.3009753239857258,-0.5283622494715786,-0.39260073655797517,-0.7820157008848647,-0.7002080134759401,-0.5164260590428762,-0.3049566570374818,-0.4216688065210272,-0.8362777903489638,-0.6582165845181062,1
3.014309505069758,-0.5544873301529852,2.6683839589479,0.2732312961117544,0.41173269183271005,0.47234264016825267,0.7288155252362812,-0.44633927678392804,-0.44371284815512574,3.322531517724777,-0.5283622494715786,-0.39260073655797517,-0.7820157008848647,-0.7002080134759401,2.5999146370869255,0.34882147968556576,1.0849255702680873,2.585514214724311,2.1412886270149727,1
-0.25203848903093323,0.006414183089175776,-0.21124124943736647,0.2732312961117544,0.41173269183271005,0.47234264016825267,-1.3720893221584447,-0.44633927678392804,-0.44371284815512574,-0.3009753239857258,-0.5283622494715786,-0.39260073655797517,-0.7820157008848647,-0.7002080134759401,-0.23548897575097968,-0.21713811011035583,-0.2313048960964098,-0.10286005996324946,-0.012803201343461017,1
0.8370718261853068,0.7622631734947707,0.16953563762184234,-2.5228356340985316,-2.428760260810931,0.47234264016825267,0.7288155252362812,2.2404481344448155,-0.44371284815512574,-0.3009753239857258,-0.5283622494715786,2.5471169737663755,-0.7820157008848647,1.4281470373865712,1.1371203368798086,1.0239061759792176,0.8129770784579607,1.6579455705786637,0.43904657575501027,0
0.11083445744980862,0.32414436955379017,0.43131974747504837,0.2732312961117544,0.41173269183271005,0.47234264016825267,0.7288155252362812,-0.44633927678392804,-0.44371284815512574,-0.3009753239857258,-0.5283622494715786,-0.39260073655797517,-0.7820157008848647,-0.7002080134759401,0.2516959055891872,-0.09733126221410371,0.062399422844428246,0.7266360154111589,0.7002190800772985,0
2.4184770417061197,-0.5544873301529852,6.000181720715977,2.1372759162519452,0.41173269183271005,0.47234264016825267,-1.3720893221584447,-0.44633927678392804,-0.44371284815512574,-0.3009753239857258,-0.5283622494715786,2.5471169737663755,-0.7820157008848647,1.4281470373865712,2.0363359432465353,-0.5351744079787573,1.7240044308210496,2.2810442517733325,3.2878940985738567,1
-0.5552790415979099,0.10525597414221513,-0.8538022463497813,0.2732312961117544,0.41173269183271005,0.47234264016825267,-1.3720893221584447,-0.44633927678392804,-0.44371284815512574,-0.3009753239857258,-0.5283622494715786,-0.39260073655797517,-0.7820157008848647,1.4281470373865712,-0.4775318461877929,0.055588057821702036,-0.525009215037248,-0.7155293552304592,-1.1186606035515918,1
-0.4399460599624957,-0.5544873301529852,-0.9013993572321825,0.2732312961117544,0.41173269183271005,0.47234264016825267,-1.3720893221584447,-0.44633927678392804,-0.44371284815512574,-0.3009753239857258,-0.5283622494715786,-0.39260073655797517,1.2787467040220322,-0.7002080134759401,-0.6673541997633986,-0.3280560363307251,-0.5467650905143472,-1.3985075392462152,-1.2304204768512392,1
-0.31855154378090217,-0.5544873301529852,-1.4368668546591947,-3.4548579441686273,0.41173269183271005,0.47234264016825267,0.7288155252362812,-0.44633927678392804,-0.44371284815512574,-0.3009753239857258,-0.5283622494715786,2.5471169737663755,1.2787467040220322,-0.7002080134759401,-0.552531045478073,2.3135260504188175,-0.5195702688303416,-0.9559506040246454,-3.2788736632267335,1
-0.08329847328593815,-0.5544873301529852,-0.5206224701729736,0.2732312961117544,0.41173269183271005,0.47234264016825267,-1.3720893221584447,-0.44633927678392804,-0.44371284815512574,-0.3009753239857258,-0.5283622494715786,-0.39260073655797517,1.2787467040220322,-0.7002080134759401,-0.330012759980465,-0.08490471980261323,-0.37271808669755413,-0.3184784013485056,-0.47177243074140923,1
-0.22992207920027855,2.096114333034056,1.716441741299878,0.2732312961117544,0.41173269183271005,0.47234264016825267,0.7288155252362812,-0.44633927678392804,-0.44371284815512574,3.322531517724777,-0.5283622494715786,-0.39260073655797517,1.2787467040220322,-0.7002080134759401,0.732217634926292,-0.28323829835453196,0.6498080607261048,1.2892404657750118,1.6460327103687429,0
-0.13441195378345122,-0.5544873301529852,-0.7348094691437785,0.2732312961117544,0.41173269183271005,-2.1171071907541332,0.7288155252362812,-0.44633927678392804,-0.44371284815512574,-0.3009753239857258,-0.5283622494715786,-0.39260073655797517,-0.7820157008848647,-0.7002080134759401,-0.37835935125849685,0.0894464641256019,-0.4706195263445002,-0.4393925901455563,-0.8634395292591737,0
-0.34197855567559565,0.6425585822540657,-0.6872123582613775,0.2732312961117544,0.41173269183271005,0.47234264016825267,0.7288155252362812,-0.44633927678392804,2.253709812906728,-0.3009753239857258,-0.5283622494715786,2.5471169737663755,-0.7820157008848647,1.4281470373865712,-0.0323403181692498,0.6970847155517087,-0.44886365086740104,0.28933934181552545,-0.7696709506980769,1
1.571991933595062,-0.5544873301529852,1.145276410711065,0.2732312961117544,-2.428760260810931,0.47234264016825267,-1.3720893221584447,-0.44633927678392804,-0.44371284815512574,-0.3009753239857258,-0.5283622494715786,-0.39260073655797517,1.2787467040220322,-0.7002080134759401,1.2356730037157966,0.2863698978490215,0.3887375550009153,1.7375035892667614,1.2784595155269496,0
-0.19715702759930862,-0.06540857165524729,-0.19934197171676618,0.2732312961117544,0.41173269183271005,0.47234264016825267,0.7288155252362812,-0.44633927678392804,2.253709812906728,-0.3009753239857258,1.8926408936295354,-0.39260073655797517,-0.7820157008848647,-0.7002080134759401,-0.21611934783510156,-0.20026920723551214,-0.22586592722713505,-0.06163757541668507,0.0029428789586896007,0
-0.05921616035922526,0.15792599428812537,0.4670175806368492,0.2732312961117544,0.41173269183271005,0.47234264016825267,0.7288155252362812,-0.44633927678392804,2.253709812906728,-0.3009753239857258,-0.5283622494715786,-0.39260073655797517,-0.7820157008848647,-0.7002080134759401,0.015541402038800948,-0.3364176425049537,0.0787163294522527,0.37074367059538343,0.7333760263436212,0
0.0022183113925933404,-0.5544873301529852,0.26472985938664456,0.2732312961117544,0.41173269183271005,0.47234264016825267,-1.3720893221584447,-0.44633927678392804,-0.44371284815512574,-0.3009753239857258,-0.5283622494715786,-0.39260073655797517,-0.7820157008848647,1.4281470373865712,-0.24912519380375792,-0.5028104783615792,-0.013746141325418612,-0.1324459410972631,0.537931757097833,1
0.25336243191402774,-0.5544873301529852,0.34802480343084646,-2.5228356340985316,0.41173269183271005,0.47234264016825267,-1.3720893221584447,-0.44633927678392804,-0.44371284815512574,-0.3009753239857258,-0.5283622494715786,2.5471169737663755,1.2787467040220322,-0.7002080134759401,-0.011576077043428444,-0.30454892050604837,0.9761461400037302,0.32508487565306815,0.6206894966924292,1
-0.4432225651225927,0.14116735151442666,-0.2826369157609681,0.2732312961117544,0.41173269183271005,0.47234264016825267,0.7288155252362812,-0.44633927678392804,-0.44371284815512574,-0.3009753239857258,-0.5283622494715786,-0.39260073655797517,1.2787467040220322,-0.7002080134759401,-0.3552707547827701,-0.32916233286078594,-0.2639387093120585,-0.3806542954476323,-0.10992190212549849,1
1.0408704471433399,-0.5544873301529852,0.49081613607804975,-2.5228356340985316,0.41173269183271005,0.47234264016825267,0.7288155252362812,-0.44633927678392804,2.253709812906728,-0.3009753239857258,-0.5283622494715786,-0.39260073655797517,-0.7820157008848647,1.4281470373865712,0.7333023340895811,0.31005219346474727,1.106681389240346,1.2903340142258517,0.7551848680986367,1
-0.5035102600683774,0.9797835164350234,-0.5444210256141742,0.2732312961117544,0.41173269183271005,-2.1171071907541332,0.7288155252362812,-0.44633927678392804,-0.44371284815512574,-0.3009753239857258,-0.5283622494715786,-0.39260073655797517,1.2787467040220322,-0.7002080134759401,-0.0323403181692498,0.45040573014755836,-0.38359602443610374,0.28933934181552545,-0.5117562072339227,1
1.550203174280417,-0.5544873301529852,-0.9013993572321825,0.2732312961117544,0.41173269183271005,-2.1171071907541332,0.7288155252362812,-0.44633927678392804,2.253709812906728,-0.3009753239857258,-0.5283622494715786,-0.39260073655797517,-0.7820157008848647,1.4281470373865712,1.215063719613302,4.277804375403126,-0.5467650905143472,1.7211490978760862,-1.2304204768512392,1
-0.6332598644082182,-0.06711863724440022,-1.3773704660561934,0.2732312961117544,0.41173269183271005,0.47234264016825267,0.7288155252362812,2.2404481344448155,-0.44371284815512574,-0.3009753239857258,-0.5283622494715786,-0.39260073655797517,-0.7820157008848647,1.4281470373865712,-0.6293897290482775,1.2627119036945427,-0.7643238452853384,-1.240079578403935,-2.9202137271354696,1
0.753029468828819,0.015306524152771011,0.9429886894608602,0.2732312961117544,0.41173269183271005,-2.1171071907541332,-1.3720893221584447,-0.44633927678392804,-0.44371284815512574,-0.3009753239857258,-0.5283622494715786,-0.39260073655797517,-0.7820157008848647,-0.7002080134759401,0.7192012449668219,0.017505799101828402,0.296275084223244,1.2760668352191116,1.1305703164157326,0
-0.08903235731610788,-0.2706164423535989,-0.2469390825991673,0.2732312961117544,0.41173269183271005,0.47234264016825267,0.7288155252362812,-0.44633927678392804,-0.44371284815512574,-0.3009753239857258,-0.5283622494715786,-0.39260073655797517,1.2787467040220322,-0.7002080134759401,-0.20682192643548006,-0.15046417434894765,-0.24762180270423415,-0.042174731570156554,-0.06078440959636888,1
0.143108033276764,-0.5544873301529852,-0.3302340266433692,0.2732312961117544,-2.428760260810931,0.47234264016825267,-1.3720893221584447,-0.44633927678392804,-0.44371284815512574,-0.3009753239857258,-0.5283622494715786,-0.39260073655797517,-0.7820157008848647,-0.7002080134759401,-0.11586215374251632,0.053229541279043474,-0.2856945847891576,0.1380867458972512,-0.17733654659761747,0
-0.4630454213411795,0.7280618617117122,0.07434141585704014,0.2732312961117544,0.41173269183271005,0.47234264016825267,0.7288155252362812,-0.44633927678392804,-0.44371284815512574,-0.3009753239857258,-0.5283622494715786,2.5471169737663755,-0.7820157008848647,-0.7002080134759401,-0.10811430257616507,-0.2538382054227518,-0.10076964323381507,0.15265371207363831,0.3351205302800961,1
0.6163992036527745,-0.5544873301529852,1.1690749661522655,0.2732312961117544,0.41173269183271005,0.47234264016825267,-1.3720893221584447,-0.44633927678392804,-0.44371284815512574,-0.3009753239857258,-0.5283622494715786,-0.39260073655797517,-0.7820157008848647,1.4281470373865712,0.33180868664925917,-0.3615761326509795,0.3996154927394648,0.8332347458375219,1.2951736030945988,0
-0.511537697710615,-0.5544873301529852,-0.3897304152463706,0.2732312961117544,0.41173269183271005,0.47234264016825267,0.7288155252362812,-0.44633927678392804,2.253709812906728,-0.3009753239857258,1.8926408936295354,-0.39260073655797517,-0.7820157008848647,-0.7002080134759401,-0.7350704189573086,-0.8228376237273638,-0.3128894291355315,-1.7202495498995833,-0.26486531719390427,0
-0.35213572167189633,-0.5544873301529852,-1.1393849116441879,0.2732312961117544,0.41173269183271005,0.47234264016825267,-1.3720893221584447,-0.44633927678392804,-0.44371284815512574,-0.3009753239857258,-0.5283622494715786,-0.39260073655797517,-0.7820157008848647,1.4281470373865712,-0.5842972352601131,0.3686617685428987,-0.6555444678998427,-1.068105168216762,-1.905067770582251,1
5.667623383716302,-0.5544873301529852,5.405217834685963,-2.5228356340985316,-2.428760260810931,0.47234264016825267,0.7288155252362812,-0.44633927678392804,-0.44371284815512574,3.322531517724777,-0.5283622494715786,-0.39260073655797517,1.2787467040220322,-0.7002080134759401,5.1095985868914235,0.4107282917525942,5.599269550467202,3.538602432308868,3.124939437458846,1
0.09772843680942066,-0.5544873301529852,0.16953563762184234,0.2732312961117544,0.41173269183271005,0.47234264016825267,0.7288155252362812,2.2404481344448155,-0.44371284815512574,-0.3009753239857258,-0.5283622494715786,-0.39260073655797517,-0.7820157008848647,-0.7002080134759401,-0.15878524920410228,-0.3633164945742738,-0.057257892279616786,0.05522299468401092,0.43904657575501027,1
0.6773421996305785,-0.5544873301529852,0.49081613607804975,0.2732312961117544,0.41173269183271005,0.47234264016825267,0.7288155252362812,2.2404481344448155,-0.44371284815512574,-0.3009753239857258,-0.5283622494715786,-0.39260073655797517,-0.7820157008848647,1.4281470373865712,0.3894526993269125,-0.004881961626234262,0.08959426719080218,0.9062802353813393,0.7551848680986367,1
-0.39702384236522514,0.15792599428812537,-0.3064354712021687,0.2732312961117544,0.41173269183271005,0.47234264016825267,-1.3720893221584447,-0.44633927678392804,-0.44371284815512574,-0.3009753239857258,-0.5283622494715786,-0.39260073655797517,-0.7820157008848647,-0.7002080134759401,-0.30397998006152477,-0.23879878287615317,-0.2748166470506081,-0.256524983798272,-0.14335063876429482,1
-0.13441195378345122,1.3693364576440608,1.2999670210788685,0.2732312961117544,0.41173269183271005,0.47234264016825267,0.7288155252362812,-0.44633927678392804,-0.44371284815512574,-0.3009753239857258,-0.5283622494715786,-0.39260073655797517,1.2787467040220322,-0.7002080134759401,0.4932739049560193,-0.29613335587952416,0.45944415030148744,1.0309303078180874,1.3847296321491551,1
-0.5800166555566422,-0.19845167449134524,-0.5682195810553747,0.2732312961117544,0.41173269183271005,0.47234264016825267,0.7288155252362812,-0.44633927678392804,-0.44371284815512574,-0.3009753239857258,1.8926408936295354,-0.39260073655797517,1.2787467040220322,-0.7002080134759401,-0.6385321934245719,-0.5721174254552811,-0.39447396217465325,-1.277000851305842,-0.5525397120498465,1
0.4144026605327949,-0.5544873301529852,1.537952575490874,0.2732312961117544,0.41173269183271005,0.47234264016825267,0.7288155252362812,-0.44633927678392804,-0.44371284815512574,-0.3009753239857258,-0.5283622494715786,-0.39260073655797517,-0.7820157008848647,1.4281470373865712,0.1407466768870372,-0.5929615193535058,0.5682235276869829,0.5679758411857375,1.5381182570038616,0
-0.37916688924269654,-0.11671053932983518,-0.2945361934815684,0.2732312961117544,-2.428760260810931,0.47234264016825267,0.7288155252362812,2.2404481344448155,-0.44371284815512574,-0.3009753239857258,-0.5283622494715786,-0.39260073655797517,1.2787467040220322,-0.7002080134759401,-0.4115201542504802,-0.4002753765572434,-0.26937767818133324,-0.5271843039824528,-0.12656776816830648,0
-0.20256326111346865,-0.059594348652127316,0.1457370821806418,0.2732312961117544,0.41173269183271005,0.47234264016825267,0.7288155252362812,-0.44633927678392804,2.253709812906728,-0.3009753239857258,-0.5283622494715786,-0.39260073655797517,-0.7820157008848647,-0.7002080134759401,-0.21859866020833396,-0.41555700020149233,-0.06813583001816638,-0.06686269614367413,0.41355740303033994,1
0.6421197691595358,-0.5544873301529852,-0.841902968629181,-2.5228356340985316,0.41173269183271005,0.47234264016825267,0.7288155252362812,-0.44633927678392804,-0.44371284815512574,-0.3009753239857258,-0.5283622494715786,-0.39260073655797517,-0.7820157008848647,1.4281470373865712,0.35613693931160206,1.9405488884817401,-0.11164760363473376,0.864418171509649,-1.0916521654395093,1
-0.27792287979569946,0.52832620089865,0.43131974747504837,0.2732312961117544,0.41173269183271005,0.47234264016825267,0.7288155252362812,-0.44633927678392804,-0.44371284815512574,-0.3009753239857258,-0.5283622494715786,-0.39260073655797517,-0.7820157008848647,-0.7002080134759401,-0.023507767839609374,-0.35631687587513283,0.062399422844428246,0.3046296531103457,0.7002190800772985,1
-0.13441195378345122,-0.5544873301529852,-0.4016296929669709,0.2732312961117544,0.41173269183271005,-2.1171071907541332,0.7288155252362812,-0.44633927678392804,-0.44371284815512574,-0.3009753239857258,-0.5283622494715786,-0.39260073655797517,-0.7820157008848647,-0.7002080134759401,-0.37835935125849685,-0.272558545012764,-0.3183283980048063,-0.4393925901455563,-0.2828311362010103,0
-0.48565330694584874,0.5854423915763578,-0.19934197171676618,0.2732312961117544,0.41173269183271005,0.47234264016825267,0.7288155252362812,-0.44633927678392804,-0.44371284815512574,-0.3009753239857258,-0.5283622494715786,-0.39260073655797517,-0.7820157008848647,-0.7002080134759401,-0.194115450522664,-0.17105442247243233,-0.22586592722713505,-0.015904783483144384,0.0029428789586896007,1
-0.5187460090628284,-0.5544873301529852,-0.9846943012763844,2.1372759162519452,-2.428760260810931,0.47234264016825267,-1.3720893221584447,-0.44633927678392804,-0.44371284815512574,-0.3009753239857258,-0.5283622494715786,-0.39260073655797517,1.2787467040220322,-0.7002080134759401,-0.7418885279836976,-0.41618633319525655,-0.6705016305056867,-1.7560016940803826,-1.4420732730843306,0
0.42537895281911986,-0.5544873301529852,0.6455067464458534,0.2732312961117544,0.41173269183271005,0.47234264016825267,0.7288155252362812,-0.44633927678392804,2.253709812906728,-0.3009753239857258,-0.5283622494715786,-0.39260073655797517,1.2787467040220322,-0.7002080134759401,0.1511287974499479,-0.2969660008281056,0.1603008624913743,0.5834176946519454,0.8915255855732974,1
-0.5870611416508507,0.05053387528932137,-0.6039174142171756,0.2732312961117544,0.41173269183271005,0.47234264016825267,0.7288155252362812,-0.44633927678392804,-0.44371284815512574,-0.3009753239857258,1.8926408936295354,-0.39260073655797517,-0.7820157008848647,-0.7002080134759401,-0.5323866324455597,-0.3559132206822903,-0.41079086878247756,-0.8882211462489924,-0.6152864248387256,1
7.594863718885352,-0.5544873301529852,6.59514560674599,-0.6587910139583409,0.41173269183271005,0.47234264016825267,0.7288155252362812,-0.44633927678392804,-0.44371284815512574,3.322531517724777,-0.5283622494715786,-0.39260073655797517,-0.7820157008848647,1.4281470373865712,6.932513009310547,0.6039977762702994,3.64124091344538,4.0120295333405,3.438784457305025,1
-0.30823055252659665,-0.5544873301529852,-0.7705073023055794,-2.5228356340985316,0.41173269183271005,0.47234264016825267,0.7288155252362812,-0.44633927678392804,-0.44371284815512574,3.322531517724777,1.8926408936295354,-0.39260073655797517,-0.7820157008848647,-0.7002080134759401,-0.5427687530084705,-0.20456689681680879,-0.04637997901642589,-0.9228157986688117,-0.9367087503711017,0
0.04989146147200457,1.3693364576440608,0.49081613607804975,0.2732312961117544,0.41173269183271005,0.47234264016825267,0.7288155252362812,-0.44633927678392804,-0.44371284815512574,-0.3009753239857258,-0.5283622494715786,-0.39260073655797517,1.2787467040220322,-0.7002080134759401,0.6676005561989226,0.24987550046854343,0.08959426719080218,1.2228925091863956,0.7551848680986367,1
-0.17356619044661029,-0.302765675429674,-0.6991116359819778,0.2732312961117544,0.41173269183271005,0.47234264016825267,0.7288155252362812,-0.44633927678392804,-0.44371284815512574,-0.3009753239857258,1.8926408936295354,2.5471169737663755,1.2787467040220322,-0.7002080134759401,-0.30134571066496535,0.1911293931910707,-0.45430261973667585,-0.2503707865839576,-0.7927119559243119,0
-0.31232618397671785,0.11722643326628564,-0.3540325820845698,0.2732312961117544,0.41173269183271005,0.47234264016825267,0.7288155252362812,-0.44633927678392804,-0.44371284815512574,-0.3009753239857258,-0.5283622494715786,-0.39260073655797517,-0.7820157008848647,-0.7002080134759401,-0.2423070847773688,-0.10912554554337266,-0.29657252252770716,-0.1175934164562073,-0.2118985141187817,1
-0.5502004585997595,-0.0007680923852665297,-0.5325217478935739,0.2732312961117544,0.41173269183271005,0.47234264016825267,0.7288155252362812,-0.44633927678392804,2.253709812906728,-0.3009753239857258,-0.5283622494715786,-0.39260073655797517,-0.7820157008848647,-0.7002080134759401,-0.5207648556960329,-0.39576914096892307,-0.3781570555668289,-0.8502535195499213,-0.4916663179655089,1
0.01843701193507345,3.3102609013326365,4.155793674022934,0.2732312961117544,-2.428760260810931,0.47234264016825267,0.7288155252362812,-0.44633927678392804,-0.44371284815512574,3.322531517724777,-0.5283622494715786,-0.39260073655797517,1.2787467040220322,-0.7002080134759401,1.5172299151010011,-0.4569577608025603,1.7647966789274347,1.9474665184477582,2.733392083331502,0
-0.2708783937014909,-0.5544873301529852,-0.3540325820845698,0.2732312961117544,0.41173269183271005,0.47234264016825267,0.7288155252362812,2.2404481344448155,-0.44371284815512574,-0.3009753239857258,-0.5283622494715786,-0.39260073655797517,1.2787467040220322,-0.7002080134759401,-0.5074385516899087,-0.5005933710717153,-0.29657252252770716,-0.8076620787293439,-0.2118985141187817,1
-0.5030187842943628,-0.05822629618080497,-0.5206224701729736,2.1372759162519452,-2.428760260810931,0.47234264016825267,-1.3720893221584447,-0.44633927678392804,-0.44371284815512574,-0.3009753239857258,1.8926408936295354,-0.39260073655797517,-0.7820157008848647,1.4281470373865712,-0.5021700128967899,-0.3739846460344962,-0.5114117899746089,-0.7910923611264618,-0.47177243074140923,0
0.1632585400113605,1.925107774118763,0.40752119203384785,0.2732312961117544,-2.428760260810931,0.47234264016825267,0.7288155252362812,2.2404481344448155,-0.44371284815512574,-0.3009753239857258,-0.5283622494715786,-0.39260073655797517,-0.7820157008848647,1.4281470373865712,1.0266359792476396,0.6540575533687806,0.051521485105878756,1.5644552107025487,0.6778110824203202,0
-0.5713339168823851,1.1771250854232715,-0.9370971903939832,0.2732312961117544,0.41173269183271005,0.47234264016825267,-1.3720893221584447,-0.44633927678392804,-0.44371284815512574,-0.3009753239857258,-0.5283622494715786,-0.39260073655797517,-0.7820157008848647,-0.7002080134759401,-0.007082323366944716,1.405963391241857,-0.5630819971221714,0.3327301040776031,-1.318453166211112,0
-0.13162692439736878,-0.5544873301529852,-0.8657015240703816,-2.5228356340985316,0.41173269183271005,0.47234264016825267,0.7288155252362812,-0.44633927678392804,-0.44371284815512574,-0.3009753239857258,-0.5283622494715786,-0.39260073655797517,1.2787467040220322,-0.7002080134759401,-0.37572508186193737,0.3138218459876987,-0.13340347850750303,-0.43259516569336787,-1.1460315818489057,1
4.659606571212462,-0.5544873301529852,1.3594634096818698,0.2732312961117544,0.41173269183271005,0.47234264016825267,0.7288155252362812,2.2404481344448155,-0.44371284815512574,-0.3009753239857258,-0.5283622494715786,-0.39260073655797517,1.2787467040220322,-0.7002080134759401,4.156148022360238,2.0963469385558513,0.48663899464786137,3.231886568380158,1.4241720082377487,0
-0.2913565509520971,-0.5544873301529852,-0.44922680384937197,0.2732312961117544,0.41173269183271005,-2.1171071907541332,0.7288155252362812,-0.44633927678392804,-0.44371284815512574,-0.3009753239857258,-0.5283622494715786,-0.39260073655797517,1.2787467040220322,-0.7002080134759401,-0.5268081796057869,-0.46775709250099756,-0.34008427348190545,-0.8698986892055661,-0.3563204325672111,1
5.52804426389617,1.0700749795422981,-0.3064354712021687,0.2732312961117544,0.41173269183271005,0.47234264016825267,0.7288155252362812,-0.44633927678392804,-0.44371284815512574,-0.3009753239857258,-0.5283622494715786,2.5471169737663755,1.2787467040220322,-0.7002080134759401,5.713621063820168,8.350049567548883,-0.2748166470506081,3.709358894206423,-0.14335063876429482,1
-0.5284116992851144,-0.5544873301529852,-0.9489964681145835,-0.6587910139583409,-2.428760260810931,0.47234264016825267,0.7288155252362812,2.2404481344448155,-0.44371284815512574,-0.3009753239857258,-0.5283622494715786,2.5471169737663755,-0.7820157008848647,-0.7002080134759401,-0.7510309923599922,-0.4827474373930074,-0.49672657931016534,-1.8050613588698334,-1.3486627152890505,0
-0.49482752139412034,0.1767367157688076,-1.0441906898793858,0.2732312961117544,0.41173269183271005,0.47234264016825267,0.7288155252362812,-0.44633927678392804,-0.44371284815512574,-0.3009753239857258,-0.5283622494715786,-0.39260073655797517,-0.7820157008848647,-0.7002080134759401,-0.38796668670477236,0.7101882931910675,-0.6120327169456445,-0.4643986281871361,-1.6079457575909744,1
-0.7748048873244083,1.256814141877798,0.26472985938664456,0.2732312961117544,0.41173269183271005,0.47234264016825267,0.7288155252362812,-0.44633927678392804,-0.44371284815512574,-0.3009753239857258,-0.5283622494715786,2.5471169737663755,-0.7820157008848647,-0.7002080134759401,-0.16343395990391302,-0.41544901214141244,-0.013746141325418612,0.04601999115880204,0.537931757097833,1
0.6429388954495601,-0.5544873301529852,0.50271541379865,-2.5228356340985316,0.41173269183271005,0.47234264016825267,0.7288155252362812,-0.44633927678392804,-0.44371284815512574,-0.3009753239857258,-0.5283622494715786,-0.39260073655797517,-0.7820157008848647,-0.7002080134759401,0.3569117244282372,-0.04172840886003633,1.1175593266767307,0.8654026255762788,0.7660024386492361,1
-0.08493672586598665,-0.5544873301529852,-1.1631834670853884,0.2732312961117544,0.41173269183271005,0.47234264016825267,-1.3720893221584447,-0.44633927678392804,-0.44371284815512574,-0.3009753239857258,1.8926408936295354,-0.39260073655797517,-0.7820157008848647,-0.7002080134759401,-0.33156233021373527,1.3424433804331304,-0.6664224056383923,-0.3222328539475466,-1.9866429390908262,1
1.0806799848385182,-0.5544873301529852,0.21713274850424344,0.2732312961117544,0.41173269183271005,0.47234264016825267,-1.3720893221584447,-0.44633927678392804,-0.44371284815512574,-0.3009753239857258,-0.5283622494715786,-0.39260073655797517,1.2787467040220322,-0.7002080134759401,0.7709568907580483,0.5833915834714675,-0.0355020168025177,1.3278976302744856,0.48908852927322977,0
0.10313467032358069,-0.5544873301529852,0.16953563762184234,0.2732312961117544,0.41173269183271005,0.47234264016825267,0.7288155252362812,-0.44633927678392804,-0.44371284815512574,-0.3009753239857258,1.8926408936295354,-0.39260073655797517,-0.7820157008848647,1.4281470373865712,-0.15367166743431046,-0.35784257993499763,-0.057257892279616786,0.06529330993876405,0.43904657575501027,0
-0.25318526583696715,-0.5544873301529852,-0.8300036909085807,0.2732312961117544,0.41173269183271005,0.47234264016825267,-1.3720893221584447,-0.44633927678392804,-0.44371284815512574,-0.3009753239857258,-0.5283622494715786,-0.39260073655797517,1.2787467040220322,-0.7002080134759401,-0.49070319317059,-0.011309828063515192,-0.5141312772986985,-0.7555375200510852,-1.06499678892756,1
-0.19863145492135226,-0.5544873301529852,-0.3064354712021687,0.2732312961117544,0.41173269183271005,0.47234264016825267,-1.3720893221584447,-0.44633927678392804,-0.44371284815512574,-0.3009753239857258,-0.5283622494715786,-0.39260073655797517,-0.7820157008848647,-0.7002080134759401,-0.43910250440269066,-0.43165750877538145,-0.2748166470506081,-0.60354704192681,-0.14335063876429482,1
-0.3732691799545219,0.32893255320341835,0.2885284148278451,0.2732312961117544,0.41173269183271005,0.47234264016825267,0.7288155252362812,2.2404481344448155,-0.44371284815512574,-0.3009753239857258,-0.5283622494715786,-0.39260073655797517,1.2787467040220322,-0.7002080134759401,-0.2040327000155936,-0.467447715951112,-0.002868203586869015,-0.03637587793062259,0.5619215310517007,0
0.47993276373473476,0.7280618617117122,0.49081613607804975,0.2732312961117544,0.41173269183271005,0.47234264016825267,-1.3720893221584447,-0.44633927678392804,-0.44371284815512574,-0.3009753239857258,-0.5283622494715786,-0.39260073655797517,-0.7820157008848647,-0.7002080134759401,0.7838183236941914,0.35632012251371525,0.08959426719080218,1.3405539458108355,0.7551848680986367,1
-0.5728083442044287,0.25437369351635064,-0.3064354712021687,0.2732312961117544,0.41173269183271005,-2.1171071907541332,-1.3720893221584447,-0.44633927678392804,-0.44371284815512574,-0.3009753239857258,1.8926408936295354,-0.39260073655797517,-0.7820157008848647,1.4281470373865712,-0.42655098551320164,-0.41374287942006327,-0.2748166470506081,-0.5684035068616322,-0.14335063876429482,1
-0.3255960298751107,0.4086216096579449,-0.3897304152463706,0.2732312961117544,0.41173269183271005,-2.1171071907541332,0.7288155252362812,-0.44633927678392804,-0.44371284815512574,-0.3009753239857258,-0.5283622494715786,-0.39260073655797517,1.2787467040220322,-0.7002080134759401,-0.12283521979223246,0.10512960298486494,-0.3128894291355315,0.12487693820080964,-0.26486531719390427,1
0.9168547268336686,-0.5544873301529852,-0.7467087468643788,0.2732312961117544,0.41173269183271005,0.47234264016825267,-1.3720893221584447,-0.44633927678392804,-0.44371284815512574,-0.3009753239857258,-0.5283622494715786,2.5471169737663755,-0.7820157008848647,1.4281470373865712,0.6159998674310232,2.1588009629515703,-0.4760584952137749,1.16813236384632,-0.8875712578419739,0
-0.45927744040706797,0.30054546442347974,-0.6634138028201769,0.2732312961117544,0.41173269183271005,0.47234264016825267,0.7288155252362812,2.2404481344448155,-0.44371284815512574,-0.3009753239857258,1.8926408936295354,-0.39260073655797517,1.2787467040220322,-0.7002080134759401,-0.2982465701984249,0.1453704493005592,-0.4379857131288515,-0.24315686205767392,-0.724355590996497,1
-0.07871136606180236,-0.5544873301529852,0.240931303945444,0.2732312961117544,-2.428760260810931,0.47234264016825267,-1.3720893221584447,-0.44633927678392804,2.253709812906728,-0.3009753239857258,-0.5283622494715786,-0.39260073655797517,1.2787467040220322,-0.7002080134759401,-0.3256739633273083,-0.5714811327476412,-0.024624079063968102,-0.3080065889488746,0.5136563838905184,1
-0.23123268126431734,-0.5544873301529852,-0.21124124943736647,-2.5228356340985316,0.41173269183271005,0.47234264016825267,0.7288155252362812,-0.44633927678392804,-0.44371284815512574,3.322531517724777,1.8926408936295354,-0.39260073655797517,-0.7820157008848647,1.4281470373865712,-0.46993895204476865,-0.5308514707095164,0.46488308049365223,-0.692855814254772,-0.012803201343461017,0
-0.3118347082027033,-0.18408712354246062,-0.12794630539316454,0.2732312961117544,0.41173269183271005,0.47234264016825267,0.7288155252362812,2.2404481344448155,-0.44371284815512574,-0.3009753239857258,1.8926408936295354,-0.39260073655797517,-0.7820157008848647,1.4281470373865712,-0.37835935125849685,-0.45758333578248195,-0.19323211401148638,-0.4393925901455563,0.09494828640563074,1
-0.24351957561468104,-0.5544873301529852,-0.2588383603197676,0.2732312961117544,0.41173269183271005,0.47234264016825267,0.7288155252362812,-0.44633927678392804,2.253709812906728,-0.3009753239857258,1.8926408936295354,-0.39260073655797517,1.2787467040220322,-0.7002080134759401,-0.4815607287942955,-0.5202032910413531,-0.25306077157350887,-0.7276748727428893,-0.07703236222851359,1
-0.1630813739342999,-0.5544873301529852,-0.3064354712021687,0.2732312961117544,0.41173269183271005,-2.1171071907541332,-1.3720893221584447,-0.44633927678392804,-0.44371284815512574,-0.3009753239857258,1.8926408936295354,-0.39260073655797517,1.2787467040220322,-0.7002080134759401,-0.40547683034072624,-0.3836639955642204,-0.2748166470506081,-0.5108689482349054,-0.14335063876429482,1
-0.35377397425194484,-0.5544873301529852,-0.7824065800261797,0.2732312961117544,0.41173269183271005,-2.1171071907541332,-1.3720893221584447,-0.44633927678392804,-0.44371284815512574,-0.3009753239857258,-0.5283622494715786,-0.39260073655797517,-0.7820157008848647,1.4281470373865712,-0.5858468054933834,-0.2823689756562562,-0.4923754018215993,-1.0737553330637282,-0.9617287853353964,1
-0.23401771065039978,0.3111478710762279,-1.0798885230411865,0.2732312961117544,0.41173269183271005,0.47234264016825267,-1.3720893221584447,-0.44633927678392804,-0.44371284815512574,-0.3009753239857258,1.8926408936295354,-0.39260073655797517,-0.7820157008848647,-0.7002080134759401,-0.08037699540062758,1.7808893853429355,-0.6283496235534688,0.20387605620515126,-1.714358106087577,1
-0.4791002966256548,-0.5544873301529852,-1.0322914121587854,0.2732312961117544,0.41173269183271005,0.47234264016825267,-1.3720893221584447,-0.44633927678392804,-0.44371284815512574,-0.3009753239857258,-0.5283622494715786,-0.39260073655797517,-0.7820157008848647,1.4281470373865712,-0.7043889283385576,-0.24343591526168867,-0.6065937480763697,-1.5674576282273258,-1.5736742405035302,1
-0.325268379359101,-0.5544873301529852,-0.22314052715796673,0.2732312961117544,0.41173269183271005,0.47234264016825267,-1.3720893221584447,-0.44633927678392804,-0.44371284815512574,-0.3009753239857258,-0.5283622494715786,-0.39260073655797517,1.2787467040220322,-0.7002080134759401,-0.558884283434481,-0.644287280977798,-0.23674386496568456,-0.9778402038823988,-0.028671820467587802,0
0.753029468828819,-0.5544873301529852,0.8120966345342572,0.2732312961117544,0.41173269183271005,-2.1171071907541332,-1.3720893221584447,-0.44633927678392804,-0.44371284815512574,-0.3009753239857258,-0.5283622494715786,-0.39260073655797517,1.2787467040220322,-0.7002080134759401,0.4610428441039981,-0.11837778540717815,0.23644642666122137,0.9931307700565885,1.0288250399796153,0
-0.3233024762630428,-0.12697093286475275,-0.21124124943736647,0.2732312961117544,-2.428760260810931,0.47234264016825267,0.7288155252362812,-0.44633927678392804,-0.44371284815512574,3.322531517724777,-0.5283622494715786,-0.39260073655797517,1.2787467040220322,-0.7002080134759401,-0.36332851999577537,-0.3881979399149214,-0.2313048960964098,-0.400940822267677,-0.012803201343461017,0
0.3904841728640869,-0.5544873301529852,1.1214778552698643,0.2732312961117544,0.41173269183271005,0.47234264016825267,0.7288155252362812,2.2404481344448155,-0.44371284815512574,-0.3009753239857258,-0.5283622494715786,2.5471169737663755,-0.7820157008848647,1.4281470373865712,0.11812295148129155,-0.49745503133009633,0.3778596172623656,0.5338697710264264,1.2616072934381741,1
0.04907233518198032,-0.5544873301529852,-0.18744269399616592,0.2732312961117544,0.41173269183271005,0.47234264016825267,0.7288155252362812,-0.44633927678392804,-0.44371284815512574,3.322531517724777,1.8926408936295354,2.5471169737663755,-0.7820157008848647,-0.7002080134759401,-0.20480748513222874,-0.19427590264645012,-0.22042695835786022,-0.037984834597569135,0.018568298456255856,1
-0.36540556757028914,0.478734298813215,-0.10414774995196399,0.2732312961117544,0.41173269183271005,0.47234264016825267,0.7288155252362812,-0.44633927678392804,-0.44371284815512574,-0.3009753239857258,-0.5283622494715786,-0.39260073655797517,-0.7820157008848647,1.4281470373865712,-0.1287235866786594,-0.1586470688495005,-0.1823541762729368,0.11364750494296573,0.12471680438712059,1
-0.254495867901006,-0.21828843532551923,-0.5444210256141742,0.2732312961117544,0.41173269183271005,0.47234264016825267,0.7288155252362812,-0.44633927678392804,-0.44371284815512574,3.322531517724777,1.8926408936295354,-0.39260073655797517,1.2787467040220322,-0.7002080134759401,-0.33962009542674054,-0.07588626125270248,-0.38359602443610374,-0.3418807184652582,-0.5117562072339227,1
-0.8606493225189494,0.061136281942069534,-0.12794630539316454,0.2732312961117544,0.41173269183271005,0.47234264016825267,0.7288155252362812,-0.44633927678392804,-0.44371284815512574,-0.3009753239857258,-0.5283622494715786,-0.39260073655797517,-0.7820157008848647,-0.7002080134759401,-0.7863611936785538,-0.975215374512851,-0.19323211401148638,-2.0080168046720632,0.09494828640563074,0
-0.2746463746356025,0.052585953996304884,-0.17554341627556563,0.2732312961117544,0.41173269183271005,0.47234264016825267,0.7288155252362812,-0.44633927678392804,-0.44371284815512574,-0.3009753239857258,-0.5283622494715786,-0.39260073655797517,1.2787467040220322,-0.7002080134759401,-0.23595384682096077,-0.24388564514002958,-0.21498798948858547,-0.10386086049297447,0.03407489232129134,1
-0.06609682119542894,-0.5544873301529852,-0.8776008017909819,0.2732312961117544,-2.428760260810931,0.47234264016825267,0.7288155252362812,-0.44633927678392804,2.253709812906728,-0.3009753239857258,-0.5283622494715786,-0.39260073655797517,1.2787467040220322,-0.7002080134759401,-0.31374227253112735,0.4844950596078012,-0.5358871527757976,-0.2795132689130268,-1.1737749658209815,0
-0.1835595311849061,0.26052992963730115,-0.22314052715796673,0.2732312961117544,0.41173269183271005,-2.1171071907541332,0.7288155252362812,-0.44633927678392804,2.253709812906728,-0.3009753239857258,-0.5283622494715786,-0.39260073655797517,1.2787467040220322,-0.7002080134759401,-0.055583871668303565,0.03447289882197338,-0.23674386496568456,0.2484825215939325,-0.028671820467587802,1
-0.521367213190906,-0.5544873301529852,-1.0203921344381852,0.2732312961117544,-2.428760260810931,0.47234264016825267,0.7288155252362812,-0.44633927678392804,-0.44371284815512574,-0.3009753239857258,-0.5283622494715786,-0.39260073655797517,-0.7820157008848647,1.4281470373865712,-0.74436784035693,-0.3761443564693649,-0.6011547792070949,-1.769177012495806,-1.5399692207850493,0
-0.22844765187823488,0.032749193162130895,-0.3540325820845698,0.2732312961117544,0.41173269183271005,0.47234264016825267,0.7288155252362812,-0.44633927678392804,2.253709812906728,-0.3009753239857258,-0.5283622494715786,-0.39260073655797517,1.2787467040220322,-0.7002080134759401,-0.20124347359570716,-0.04849493551122141,-0.29657252252770716,-0.03059527884481362,-0.2118985141187817,1
-0.39849826968726876,0.40007128171218026,-0.020852805907762065,0.2732312961117544,0.41173269183271005,0.47234264016825267,-1.3720893221584447,-0.44633927678392804,-0.44371284815512574,-0.3009753239857258,-0.5283622494715786,-0.39260073655797517,1.2787467040220322,-0.7002080134759401,-0.19566502075593425,-0.29659740769261317,-0.14428139418801336,-0.019088387135110886,0.22561194869847703,1
0.35624469394107333,-0.2090540811440934,0.34802480343084646,0.2732312961117544,0.41173269183271005,0.47234264016825267,0.7288155252362812,-0.44633927678392804,-0.44371284815512574,-0.3009753239857258,-0.5283622494715786,-0.39260073655797517,1.2787467040220322,-0.7002080134759401,0.24224352716623865,-0.0561327202728308,0.024326640759504924,0.7136404939508261,0.6206894966924292,1
0.13868475131063304,-0.5544873301529852,-0.21124124943736647,0.2732312961117544,0.41173269183271005,0.47234264016825267,0.7288155252362812,-0.44633927678392804,-0.44371284815512574,-0.3009753239857258,-0.5283622494715786,-0.39260073655797517,1.2787467040220322,-0.7002080134759401,-0.120045993372346,-0.06266590016562709,-0.2313048960964098,0.1301722700146884,-0.012803201343461017,1
-0.3527910227039157,-0.5544873301529852,0.2885284148278451,0.2732312961117544,0.41173269183271005,0.47234264016825267,0.7288155252362812,-0.44633927678392804,-0.44371284815512574,-0.3009753239857258,-0.5283622494715786,-0.39260073655797517,-0.7820157008848647,-0.7002080134759401,-0.5849170633534213,-0.8511876726800073,-0.002868203586869015,-1.0703631483678544,0.5619215310517007,0
-0.10951051456671408,-0.5544873301529852,-0.09224847223136372,0.2732312961117544,0.41173269183271005,0.47234264016825267,0.7288155252362812,-0.44633927678392804,-0.44371284815512574,-0.3009753239857258,1.8926408936295354,2.5471169737663755,-0.7820157008848647,1.4281470373865712,-0.35480588371278904,-0.44793740628379275,-0.17691520740366204,-0.37949072874284107,0.13943966449561124,0
0.13868475131063304,0.025224904569858004,0.7644995236518561,0.2732312961117544,0.41173269183271005,0.47234264016825267,0.7288155252362812,-0.44633927678392804,2.253709812906728,-0.3009753239857258,-0.5283622494715786,-0.39260073655797517,1.2787467040220322,-0.7002080134759401,0.1426061611669615,-0.3544697489021085,0.21469055118412217,0.5707511094114797,0.9905308203319032,1
-0.10574253363260254,-0.5544873301529852,0.1457370821806418,2.1372759162519452,0.41173269183271005,0.47234264016825267,0.7288155252362812,-0.44633927678392804,-0.44371284815512574,-0.3009753239857258,-0.5283622494715786,-0.39260073655797517,1.2787467040220322,-0.7002080134759401,-0.35124187217626746,-0.559344370435884,-0.28297509587870223,-0.37059446091413417,0.41355740303033994,1
0.1632585400113605,-0.5544873301529852,0.6455067464458534,0.2732312961117544,0.41173269183271005,0.47234264016825267,-1.3720893221584447,-0.44633927678392804,-0.44371284815512574,-0.3009753239857258,-0.5283622494715786,2.5471169737663755,-0.7820157008848647,-0.7002080134759401,-0.09680243987329223,-0.5092875410055574,0.1603008624913743,0.173716093231062,0.8915255855732974,1
-0.4771343935295966,0.14800761387103836,-0.49682391473177306,0.2732312961117544,0.41173269183271005,0.47234264016825267,0.7288155252362812,2.2404481344448155,-0.44371284815512574,-0.3009753239857258,-0.5283622494715786,-0.39260073655797517,1.2787467040220322,-0.7002080134759401,-0.38424771814492376,-0.19871630319613787,-0.36184014895900457,-0.45467843543441633,-0.43255762089003547,1
-0.2764484524736558,-0.5544873301529852,-1.2345791334089902,-2.5228356340985316,0.41173269183271005,0.47234264016825267,0.7288155252362812,-0.44633927678392804,-0.44371284815512574,-0.3009753239857258,-0.5283622494715786,-0.39260073655797517,-0.7820157008848647,-0.7002080134759401,-0.5127070904830275,0.9896009854714757,-0.4706195390354269,-0.8243826742509139,-2.252991502205808,1
-0.36278436344221154,0.33406274997087715,-0.3064354712021687,0.2732312961117544,0.41173269183271005,0.47234264016825267,-1.3720893221584447,-0.44633927678392804,-0.44371284815512574,-0.3009753239857258,1.8926408936295354,-0.39260073655797517,-0.7820157008848647,-0.7002080134759401,-0.1917910951727586,-0.07867295999651876,-0.2748166470506081,-0.011139703065555217,-0.14335063876429482,1
0.47993276373473476,-0.5544873301529852,1.5974489640938754,0.2732312961117544,0.41173269183271005,-2.1171071907541332,-1.3720893221584447,-0.44633927678392804,-0.44371284815512574,-0.3009753239857258,-0.5283622494715786,-0.39260073655797517,1.2787467040220322,-0.7002080134759401,0.20272948621784725,-0.5687186036912273,0.5954183720333569,0.6582965848709662,1.574727988419335,1
-0.3683544222143764,0.05395400646762723,-0.06844991679016317,0.2732312961117544,0.41173269183271005,0.47234264016825267,0.7288155252362812,2.2404481344448155,-0.44371284815512574,-0.3009753239857258,-0.5283622494715786,-0.39260073655797517,1.2787467040220322,-0.7002080134759401,-0.323969436070711,-0.4232215081554578,-0.16603726966511242,-0.3039089458261843,0.16857026372749884,1
0.015815807806995857,-0.1235508016864469,0.2885284148278451,0.2732312961117544,0.41173269183271005,0.47234264016825267,0.7288155252362812,2.2404481344448155,-0.44371284815512574,-0.3009753239857258,-0.5283622494715786,-0.39260073655797517,-0.7820157008848647,-0.7002080134759401,-0.04101791147556321,-0.30321076132182084,-0.002868203586869015,0.27419226534579993,0.5619215310517007,1
0.056116821276188854,-0.5544873301529852,1.2999670210788685,0.2732312961117544,0.41173269183271005,0.47234264016825267,0.7288155252362812,-0.44633927678392804,-0.44371284815512574,-0.3009753239857258,-0.5283622494715786,-0.39260073655797517,-0.7820157008848647,1.4281470373865712,-0.19814433312916666,-0.760534690432769,0.45944415030148744,-0.02419366132258673,1.3847296321491551,0
-0.3178962427488828,-0.5544873301529852,-0.2826369157609681,0.2732312961117544,0.41173269183271005,-2.1171071907541332,-1.3720893221584447,-0.44633927678392804,-0.44371284815512574,-0.3009753239857258,-0.5283622494715786,2.5471169737663755,-0.7820157008848647,1.4281470373865712,-0.5519112173847649,-0.6052238347788884,-0.2639387093120585,-0.9538289375534913,-0.10992190212549849,1
-0.26072122770519024,-0.5544873301529852,-0.4016296929669709,0.2732312961117544,0.41173269183271005,-2.1171071907541332,-1.3720893221584447,2.2404481344448155,-0.44371284815512574,-0.3009753239857258,-0.5283622494715786,-0.39260073655797517,-0.7820157008848647,-0.7002080134759401,-0.4978312162436332,-0.4552593274298938,-0.3183283980048063,-0.7775580909767779,-0.2828311362010103,1
-0.3421423809336005,-0.5544873301529852,-0.5920181364965753,0.2732312961117544,0.41173269183271005,0.47234264016825267,0.7288155252362812,2.2404481344448155,-0.44371284815512574,-0.3009753239857258,-0.5283622494715786,-0.39260073655797517,1.2787467040220322,-0.7002080134759401,-0.5748448568371647,-0.44210772832569,-0.4053518999132028,-1.0340106171249936,-0.594155590493605,1
0.06807606511054287,1.1555782589999446,-0.3064354712021687,0.2732312961117544,0.41173269183271005,0.47234264016825267,0.7288155252362812,-0.44633927678392804,2.253709812906728,-0.3009753239857258,-0.5283622494715786,-0.39260073655797517,-0.7820157008848647,-0.7002080134759401,0.5879526462088316,1.0342457426696703,-0.2748166470506081,1.137668287230196,-0.14335063876429482,1
-0.47402171362750445,0.12372468250506677,-0.06844991679016317,-2.5228356340985316,0.41173269183271005,0.47234264016825267,0.7288155252362812,2.2404481344448155,-0.44371284815512574,-0.3009753239857258,1.8926408936295354,-0.39260073655797517,-0.7820157008848647,1.4281470373865712,-0.3923054833579291,-0.5068231128088665,0.595418329730268,-0.47580426812538823,0.16857026372749884,0
-0.3994812212352979,1.3953294545991854,0.11003924901884096,-4.386880254238722,0.41173269183271005,0.47234264016825267,-1.3720893221584447,-0.44633927678392804,-0.44371284815512574,-0.3009753239857258,-0.5283622494715786,-0.39260073655797517,-0.7820157008848647,1.4281470373865712,0.2543301749857466,0.1252798793075666,4.130747434528602,0.7302413911897344,0.3747160902523562,1
0.13868475131063304,-0.10987027697322346,-0.44922680384937197,0.2732312961117544,0.41173269183271005,0.47234264016825267,0.7288155252362812,-0.44633927678392804,2.253709812906728,-0.3009753239857258,-0.5283622494715786,2.5471169737663755,-0.7820157008848647,-0.7002080134759401,0.08139813695278661,0.496782270579387,-0.34008427348190545,0.4771205382675939,-0.3563204325672111,1
-0.3272342824551592,0.956184611304713,-0.2707376380403678,0.2732312961117544,0.41173269183271005,0.47234264016825267,0.7288155252362812,-0.44633927678392804,-0.44371284815512574,-0.3009753239857258,1.8926408936295354,-0.39260073655797517,1.2787467040220322,-0.7002080134759401,0.12370140432106445,0.32942564464421725,-0.25849974044278373,0.5423385122157226,-0.09341082190198383,1
0.10591969970966313,0.9274555094069438,-0.3064354712021687,-2.5228356340985316,0.41173269183271005,0.47234264016825267,-1.3720893221584447,-0.44633927678392804,-0.44371284815512574,-0.3009753239857258,-0.5283622494715786,2.5471169737663755,-0.7820157008848647,1.4281470373865712,0.5203913840382487,0.9378163797200563,0.377859581002575,1.0621409724265156,-0.14335063876429482,0
0.7043733672013787,-0.5544873301529852,-0.4016296929669709,0.2732312961117544,0.41173269183271005,0.47234264016825267,0.7288155252362812,-0.44633927678392804,2.253709812906728,-0.3009753239857258,-0.5283622494715786,-0.39260073655797517,-0.7820157008848647,1.4281470373865712,0.4150206081758716,0.9407073511943749,-0.3183283980048063,0.9377719234507333,-0.2828311362010103,1
0.1973341936763692,-0.5544873301529852,-0.10414774995196399,-2.5228356340985316,0.41173269183271005,0.47234264016825267,0.7288155252362812,2.2404481344448155,-0.44371284815512574,-0.3009753239857258,1.8926408936295354,-0.39260073655797517,-0.7820157008848647,1.4281470373865712,-0.06457137902127102,-0.07844532102798481,0.562784517421114,0.23243759828218902,0.12471680438712059,1
-0.4130787176497004,0.07584284600878473,-0.2707376380403678,2.1372759162519452,0.41173269183271005,0.47234264016825267,0.7288155252362812,2.2404481344448155,-0.44371284815512574,-0.3009753239857258,-0.5283622494715786,-0.39260073655797517,1.2787467040220322,-0.7002080134759401,-0.3563554539460593,-0.33904194771446694,-0.42574802968864384,-0.38337215510130573,-0.09341082190198383,1
-0.588863219488904,0.08439317395454939,-0.6634138028201769,0.2732312961117544,0.41173269183271005,0.47234264016825267,0.7288155252362812,-0.44633927678392804,-0.44371284815512574,-0.3009753239857258,-0.5283622494715786,-0.39260073655797517,-0.7820157008848647,1.4281470373865712,-0.5187504143927816,-0.27425945793388407,-0.4379857131288515,-0.8437515577944724,-0.724355590996497,1
-0.6119625808675878,0.7759436982079941,0.6574060241664537,0.2732312961117544,-2.428760260810931,0.47234264016825267,0.7288155252362812,-0.44633927678392804,-0.44371284815512574,-0.3009753239857258,1.8926408936295354,-0.39260073655797517,1.2787467040220322,-0.7002080134759401,-0.22727625351464736,-0.6246911640289032,0.16573983136064926,-0.08526859913825124,0.9016452453828202,0
-0.32379395203705735,-0.5544873301529852,-0.09224847223136372,0.2732312961117544,0.41173269183271005,-2.1171071907541332,-1.3720893221584447,-0.44633927678392804,2.253709812906728,-0.3009753239857258,-0.5283622494715786,-0.39260073655797517,-0.7820157008848647,1.4281470373865712,-0.5574896702245379,-0.6994922688866433,-0.17691520740366204,-0.9730127674411481,0.13943966449561124,0
-0.4620624697931504,0.1866550961858946,-0.49682391473177306,0.2732312961117544,0.41173269183271005,0.47234264016825267,-1.3720893221584447,-0.44633927678392804,-0.44371284815512574,-0.3009753239857258,1.8926408936295354,2.5471169737663755,-0.7820157008848647,-0.7002080134759401,-0.35248152836288366,-0.1464015030429054,-0.36184014895900457,-0.37368392894300007,-0.43255762089003547,1
-0.44928409966877214,1.8741478195620058,1.585549686373275,-2.5228356340985316,0.41173269183271005,0.47234264016825267,0.7288155252362812,2.2404481344448155,-0.44371284815512574,-0.3009753239857258,1.8926408936295354,-0.39260073655797517,1.2787467040220322,-0.7002080134759401,0.4241630725521661,-0.4299523287060821,2.1074516333877327,0.9489027764011176,1.5674584360978452,1
1.7769373313591288,-0.5544873301529852,0.5503125246810512,0.2732312961117544,-2.428760260810931,0.47234264016825267,-1.3720893221584447,-0.44633927678392804,-0.44371284815512574,-0.3009753239857258,-0.5283622494715786,2.5471169737663755,-0.7820157008848647,1.4281470373865712,1.429524239897905,0.8876665461333493,0.11678911153717612,1.8845991833096676,0.8087078166201294,0
-0.3801498407907256,-0.5544873301529852,1.2999670210788685,0.2732312961117544,0.41173269183271005,-2.1171071907541332,-1.3720893221584447,-0.44633927678392804,-0.44371284815512574,3.322531517724777,-0.5283622494715786,-0.39260073655797517,-0.7820157008848647,-0.7002080134759401,-0.6107948862490344,-1.0376975667024442,0.45944415030148744,-1.1672008818646666,1.3847296321491551,1
0.10510057341963888,-0.5544873301529852,-0.36593185980517007,0.2732312961117544,-2.428760260810931,0.47234264016825267,-1.3720893221584447,-0.44633927678392804,-0.44371284815512574,-0.3009753239857258,1.8926408936295354,-0.39260073655797517,-0.7820157008848647,-0.7002080134759401,-0.15181218315438616,0.03651723626246905,-0.3020114913969819,0.06894159350934143,-0.22940168825346138,0
-0.025140506694216542,-0.5544873301529852,-0.6158166919377758,0.2732312961117544,0.41173269183271005,0.47234264016825267,0.7288155252362812,-0.44633927678392804,-0.44371284815512574,3.322531517724777,-0.5283622494715786,-0.39260073655797517,-0.7820157008848647,1.4281470373865712,-0.2750030166993711,0.12372420131946824,-0.4162298376517524,-0.18993727187416282,-0.6366385284875709,0
1.5202231520655296,0.16374021729124533,1.8830316293882818,0.2732312961117544,0.41173269183271005,0.47234264016825267,0.7288155252362812,-0.44633927678392804,-0.44371284815512574,-0.3009753239857258,-0.5283622494715786,-0.39260073655797517,-0.7820157008848647,-0.7002080134759401,1.5121163333312093,0.10663701775459325,0.7259536248959516,1.9438596026025248,1.741847321400375,0
-0.07740076399776356,-0.5544873301529852,-0.21124124943736647,0.2732312961117544,0.41173269183271005,0.47234264016825267,0.7288155252362812,-0.44633927678392804,-0.44371284815512574,3.322531517724777,1.8926408936295354,-0.39260073655797517,1.2787467040220322,-0.7002080134759401,-0.3244343071406921,-0.3361542826046839,-0.2313048960964098,-0.30502557834858374,-0.012803201343461017,0
0.11132593322382317,0.8990684206270051,2.192412850123889,0.2732312961117544,0.41173269183271005,0.47234264016825267,0.7288155252362812,2.2404481344448155,-0.44371284815512574,-0.3009753239857258,-0.5283622494715786,-0.39260073655797517,-0.7820157008848647,1.4281470373865712,0.5126435328718975,-0.5275439600990184,0.8673668154970958,1.053277637685811,1.9086597513972103,1
-0.5477430797296867,0.2010196471347792,-0.13984558311376483,0.2732312961117544,0.41173269183271005,0.47234264016825267,-1.3720893221584447,-0.44633927678392804,-0.44371284815512574,-0.3009753239857258,-0.5283622494715786,-0.39260073655797517,1.2787467040220322,-0.7002080134759401,-0.4270158565831827,-0.5130507234544167,-0.19867108288076113,-0.5696931958715716,0.07989945598767988,1
-0.31494738810479544,-0.5544873301529852,0.11003924901884096,-4.759689178266761,0.41173269183271005,-2.1171071907541332,-1.3720893221584447,2.2404481344448155,-0.44371284815512574,-0.3009753239857258,-0.5283622494715786,-0.39260073655797517,1.2787467040220322,-0.7002080134759401,-0.5491219909648785,-0.7625323544339406,7.5029067284124755,-0.9443116578912424,0.3747160902523562,0
0.29431874641524014,-0.5544873301529852,-0.3064354712021687,0.2732312961117544,0.41173269183271005,-2.1171071907541332,-1.3720893221584447,-0.44633927678392804,-0.44371284815512574,-0.3009753239857258,-0.5283622494715786,-0.39260073655797517,-0.7820157008848647,-0.7002080134759401,0.02716317878832783,0.23383779653514378,-0.2748166470506081,0.3899694565315,-0.14335063876429482,1
-0.03890182836662391,-0.5544873301529852,-0.21124124943736647,0.2732312961117544,0.41173269183271005,0.47234264016825267,-1.3720893221584447,-0.44633927678392804,-0.44371284815512574,-0.3009753239857258,-0.5283622494715786,2.5471169737663755,1.2787467040220322,-0.7002080134759401,-0.2880194066588412,-0.28742814926641364,-0.2313048960964098,-0.21955000395620597,-0.012803201343461017,1
-0.2143586796898178,0.6244318870090446,0.06244213813643986,0.2732312961117544,0.41173269183271005,0.47234264016825267,-1.3720893221584447,-0.44633927678392804,-0.44371284815512574,-0.3009753239857258,-0.5283622494715786,-0.39260073655797517,-0.7820157008848647,-0.7002080134759401,0.08015848076617041,-0.032970200029508304,-0.10620861210308981,0.47517401403444276,0.3217492871772336,1
-0.11393379653284502,-0.08011513572196248,0.05054286041583959,0.2732312961117544,0.41173269183271005,0.47234264016825267,0.7288155252362812,-0.44633927678392804,2.253709812906728,-0.3009753239857258,-0.5283622494715786,-0.39260073655797517,1.2787467040220322,-0.7002080134759401,-0.1440643319880349,-0.28015723020433086,-0.11164758097236467,0.08406523464138002,0.30828978440519506,1
-0.17536826828466362,0.06489842623820598,0.16953563762184234,0.2732312961117544,-2.428760260810931,0.47234264016825267,0.7288155252362812,-0.44633927678392804,-0.44371284815512574,3.322531517724777,-0.5283622494715786,-0.39260073655797517,-0.7820157008848647,1.4281470373865712,-0.13647143784501067,-0.33943032160288755,-0.057257892279616786,0.09876653107078409,0.43904657575501027,1
-0.325268379359101,-0.5544873301529852,-0.12794630539316454,0.2732312961117544,0.41173269183271005,-2.1171071907541332,-1.3720893221584447,-0.44633927678392804,-0.44371284815512574,-0.3009753239857258,-0.5283622494715786,-0.39260073655797517,-0.7820157008848647,-0.7002080134759401,-0.558884283434481,-0.6866153620342405,-0.19323211401148638,-0.9778402038823988,0.09494828640563074,0
-0.41406166919772946,-0.0209468663372711,-0.6634138028201769,0.2732312961117544,0.41173269183271005,-2.1171071907541332,-1.3720893221584447,2.2404481344448155,-0.44371284815512574,-0.3009753239857258,-0.5283622494715786,-0.39260073655797517,-0.7820157008848647,1.4281470373865712,-0.4011380336875695,-0.050437181341514106,-0.4379857131288515,-0.4992441163886238,-0.724355590996497,1
-0.35492075105797877,-0.5544873301529852,-1.3773704660561934,0.2732312961117544,0.41173269183271005,-2.1171071907541332,-1.3720893221584447,-0.44633927678392804,-0.44371284815512574,-0.3009753239857258,-0.5283622494715786,-0.39260073655797517,-0.7820157008848647,1.4281470373865712,-0.5869315046566725,1.5051122600503695,-0.7643238452853384,-1.0777208181418916,-2.9202137271354696,1
0.9407732145023766,-0.5544873301529852,-0.11604702767256427,0.2732312961117544,0.41173269183271005,0.47234264016825267,0.7288155252362812,-0.44633927678392804,-0.44371284815512574,-0.3009753239857258,-0.5283622494715786,-0.39260073655797517,-0.7820157008848647,1.4281470373865712,0.6386235928367688,0.816551143077545,-0.18779314514221151,1.1923425854440617,0.10988686799186656,1
-0.421106155291938,0.08063102965841293,-0.23503980487856702,0.2732312961117544,0.41173269183271005,0.47234264016825267,-1.3720893221584447,-0.44633927678392804,-0.44371284815512574,-0.3009753239857258,-0.5283622494715786,-0.39260073655797517,-0.7820157008848647,-0.7002080134759401,-0.36177894976250513,-0.37068878684348266,-0.2421828338349594,-0.39702212226045486,-0.04466490062062163,1
-0.456000935246971,0.2058078307844074,0.05054286041583959,0.2732312961117544,0.41173269183271005,0.47234264016825267,0.7288155252362812,-0.44633927678392804,-0.44371284815512574,-0.3009753239857258,-0.5283622494715786,-0.39260073655797517,1.2787467040220322,-0.7002080134759401,-0.3380705251934703,-0.5016793667641036,-0.11164758097236467,-0.33808592040778124,0.30828978440519506,1
-0.24630460500076348,-0.5544873301529852,-0.6634138028201769,0.2732312961117544,0.41173269183271005,0.47234264016825267,0.7288155252362812,-0.44633927678392804,2.253709812906728,-0.3009753239857258,-0.5283622494715786,-0.39260073655797517,1.2787467040220322,-0.7002080134759401,-0.484194998190855,-0.20849876270318773,-0.4379857131288515,-0.7356598287064678,-0.724355590996497,1
-0.4347036517063405,0.07550083289095415,-0.36593185980517007,0.2732312961117544,0.41173269183271005,0.47234264016825267,0.7288155252362812,2.2404481344448155,-0.44371284815512574,-0.3009753239857258,-0.5283622494715786,-0.39260073655797517,1.2787467040220322,-0.7002080134759401,-0.3769647380485536,-0.298812314255611,-0.3020114913969819,-0.4357908195370804,-0.22940168825346138,1
-0.23106885600631247,0.5652636176243533,0.7288016904900553,0.2732312961117544,0.41173269183271005,0.47234264016825267,0.7288155252362812,-0.44633927678392804,-0.44371284815512574,-0.3009753239857258,-0.5283622494715786,-0.39260073655797517,1.2787467040220322,-0.7002080134759401,0.03754529935123851,-0.42684626507383144,0.19837364457629794,0.4069759009097166,0.9613306946234941,1
-0.37687333563062864,-0.10987027697322346,-0.7824065800261797,0.2732312961117544,0.41173269183271005,0.47234264016825267,0.7288155252362812,-0.44633927678392804,-0.44371284815512574,-0.3009753239857258,-0.5283622494715786,-0.39260073655797517,-0.7820157008848647,1.4281470373865712,-0.4062516154573613,0.10213203467127388,-0.4923754018215993,-0.5129525773322886,-0.9617287853353964,1
1.5038406262650446,-0.5544873301529852,3.4537362885075185,0.2732312961117544,0.41173269183271005,0.47234264016825267,0.7288155252362812,-0.44633927678392804,-0.44371284815512574,-0.3009753239857258,-0.5283622494715786,-0.39260073655797517,1.2787467040220322,-0.7002080134759401,1.1712108820117542,-0.4708772842250213,1.443897515640223,1.685857291308732,2.475153969019821,1
-0.21353955339979358,-0.5544873301529852,-0.2588383603197676,0.2732312961117544,0.41173269183271005,-2.1171071907541332,0.7288155252362812,-0.44633927678392804,-0.44371284815512574,-0.3009753239857258,1.8926408936295354,-0.39260073655797517,-0.7820157008848647,-0.7002080134759401,-0.4532035935254499,-0.48103510489038437,-0.25306077157350887,-0.6438485494453652,-0.07703236222851359,1
-0.2212393405260215,0.27523649370401637,0.1457370821806418,0.2732312961117544,-2.428760260810931,0.47234264016825267,-1.3720893221584447,2.2404481344448155,-0.44371284815512574,-0.3009753239857258,1.8926408936295354,2.5471169737663755,-0.7820157008848647,1.4281470373865712,-0.08456083503045726,-0.2702578468688417,-0.06813583001816638,0.19624069332713953,0.41355740303033994,0
-0.24188132303463256,-0.2808768358885165,-0.4016296929669709,0.2732312961117544,0.41173269183271005,0.47234264016825267,0.7288155252362812,-0.44633927678392804,-0.44371284815512574,-0.3009753239857258,-0.5283622494715786,-0.39260073655797517,1.2787467040220322,-0.7002080134759401,-0.35604553989940524,-0.23843544168193828,-0.3183283980048063,-0.3825952132126254,-0.2828311362010103,1
-0.5082611925505179,-0.21733080276815359,-0.8062051354673803,-2.5228356340985316,0.41173269183271005,0.47234264016825267,0.7288155252362812,-0.44633927678392804,2.253709812906728,-0.3009753239857258,-0.5283622494715786,-0.39260073655797517,-0.7820157008848647,1.4281470373865712,-0.5792146467854624,-0.2402109115089153,-0.07901379132557977,-1.0496937260113517,-1.0127091223338118,1
-0.5885355689728943,0.015306524152771011,-1.0917878007617867,0.2732312961117544,0.41173269183271005,-2.1171071907541332,-1.3720893221584447,-0.44633927678392804,-0.44371284815512574,-0.3009753239857258,-0.5283622494715786,-0.39260073655797517,-0.7820157008848647,1.4281470373865712,-0.5497418190581865,0.35031957466805597,-0.6337885924227437,-0.9464223502230561,-1.7510997715891163,1
2.5005534959665496,-0.5544873301529852,-0.21124124943736647,0.2732312961117544,0.41173269183271005,0.47234264016825267,0.7288155252362812,-0.44633927678392804,-0.44371284815512574,-0.3009753239857258,-0.5283622494715786,-0.39260073655797517,-0.7820157008848647,-0.7002080134759401,2.1139694119333745,2.9266305438251847,-0.2313048960964098,2.326105279327828,-0.012803201343461017,0
-0.3678629464403619,0.48967871858379375,-0.6753130805407772,0.2732312961117544,0.41173269183271005,0.47234264016825267,-1.3720893221584447,-0.44633927678392804,-0.44371284815512574,-0.3009753239857258,-0.5283622494715786,-0.39260073655797517,-0.7820157008848647,-0.7002080134759401,-0.1260893172821,0.49357377554139054,-0.44342468199812624,0.11867968930447273,-0.7468873922579251,1
-0.45927744040706797,0.032749193162130895,-0.5563203033347744,-0.6587910139583409,0.41173269183271005,-2.1171071907541332,-1.3720893221584447,-0.44633927678392804,-0.44371284815512574,-0.3009753239857258,-0.5283622494715786,2.5471169737663755,1.2787467040220322,-0.7002080134759401,-0.4195779194634855,-0.20126051713126206,-0.28134341328345713,-0.5491660836405671,-0.532045999180452,0
-0.278414355569714,0.12953890550818672,-0.3064354712021687,0.2732312961117544,0.41173269183271005,0.47234264016825267,0.7288155252362812,-0.44633927678392804,-0.44371284815512574,-0.3009753239857258,-0.5283622494715786,-0.39260073655797517,-0.7820157008848647,-0.7002080134759401,-0.2046525281089017,-0.09702992587912865,-0.2748166470506081,-0.037662930463777375,-0.14335063876429482,1
-0.2096077472076772,-0.5544873301529852,-0.36593185980517007,0.2732312961117544,0.41173269183271005,-2.1171071907541332,-1.3720893221584447,-0.44633927678392804,-0.44371284815512574,-0.3009753239857258,-0.5283622494715786,-0.39260073655797517,1.2787467040220322,-0.7002080134759401,-0.4494846249656013,-0.40681935461518526,-0.3020114913969819,-0.6331334081651747,-0.22940168825346138,1
0.672427441890433,-0.5544873301529852,0.49081613607804975,0.2732312961117544,0.41173269183271005,0.47234264016825267,-1.3720893221584447,-0.44633927678392804,-0.44371284815512574,-0.3009753239857258,-0.5283622494715786,-0.39260073655797517,-0.7820157008848647,-0.7002080134759401,0.38480398862710175,-0.009139746508041158,0.08959426719080218,0.9004959945849204,0.7551848680986367,1
-0.3814604428547644,0.2718163625257105,-0.08034919451076344,0.2732312961117544,0.41173269183271005,0.47234264016825267,0.7288155252362812,-0.44633927678392804,-0.44371284815512574,-0.3009753239857258,-0.5283622494715786,-0.39260073655797517,-0.7820157008848647,-0.7002080134759401,-0.23765837407755805,-0.31014065177595557,-0.17147623853438718,-0.10753513609657223,0.15405698348110242,1
-0.16439197599833869,-0.5544873301529852,-0.22314052715796673,0.2732312961117544,-2.428760260810931,0.47234264016825267,0.7288155252362812,-0.44633927678392804,2.253709812906728,-0.3009753239857258,-0.5283622494715786,-0.39260073655797517,1.2787467040220322,-0.7002080134759401,-0.40671648652734244,-0.4390709950900592,-0.23674386496568456,-0.5142038905844623,-0.028671820467587802,0
-0.3686820727303861,-0.0209468663372711,-0.13984558311376483,0.2732312961117544,0.41173269183271005,0.47234264016825267,0.7288155252362812,-0.44633927678392804,2.253709812906728,-0.3009753239857258,-0.5283622494715786,-0.39260073655797517,-0.7820157008848647,1.4281470373865712,-0.35821493822598355,-0.4251115802480777,-0.19867108288076113,-0.38804072234437664,0.07989945598767988,1
0.0022183113925933404,-0.5544873301529852,-0.03275208362836234,2.1372759162519452,-2.428760260810931,-2.1171071907541332,-1.3720893221584447,-0.44633927678392804,-0.44371284815512574,-0.3009753239857258,-0.5283622494715786,-0.39260073655797517,-0.7820157008848647,1.4281470373865712,-0.24912519380375792,-0.35320153369196233,-0.3441634960829629,-0.1324459410972631,0.21150042340687933,0
-0.49482752139412034,0.5857844046941885,0.31232697026904566,0.2732312961117544,0.41173269183271005,0.47234264016825267,0.7288155252362812,-0.44633927678392804,-0.44371284815512574,-0.3009753239857258,-0.5283622494715786,-0.39260073655797517,1.2787467040220322,-0.7002080134759401,-0.20263808680565037,-0.47642091442293644,0.008009734151680582,-0.03348330375440026,0.5856323478224004,1
-0.1617707718702611,-0.12697093286475275,-0.4254282484081714,0.2732312961117544,0.41173269183271005,0.47234264016825267,0.7288155252362812,-0.44633927678392804,-0.44371284815512574,3.322531517724777,-0.5283622494715786,-0.39260073655797517,-0.7820157008848647,1.4281470373865712,-0.21054089499532866,0.008487431729230617,-0.32920633574335584,-0.04993513245562161,-0.3192447336033025,1
0.24107553756366404,-0.5544873301529852,0.6455067464458534,0.2732312961117544,0.41173269183271005,0.47234264016825267,0.7288155252362812,2.2404481344448155,-0.44371284815512574,-0.3009753239857258,-0.5283622494715786,-0.39260073655797517,1.2787467040220322,-0.7002080134759401,-0.023197853792955324,-0.4462545837653764,0.1603008624913743,0.3051638500963716,0.8915255855732974,1
-0.12081445736904871,-0.5544873301529852,-0.12794630539316454,0.2732312961117544,0.41173269183271005,-2.1171071907541332,0.7288155252362812,2.2404481344448155,-0.44371284815512574,-0.3009753239857258,-0.5283622494715786,-0.39260073655797517,-0.7820157008848647,1.4281470373865712,-0.36549791832235373,-0.4412660326246315,-0.19323211401148638,-0.40644108948885543,0.09494828640563074,1
-0.06609682119542894,0.31456800225453374,0.06244213813643986,2.1372759162519452,0.41173269183271005,-2.1171071907541332,-1.3720893221584447,-0.44633927678392804,-0.44371284815512574,-0.3009753239857258,-0.5283622494715786,-0.39260073655797517,-0.7820157008848647,-0.7002080134759401,0.08000352374284338,-0.03314596289104187,-0.31152968264069053,0.47493055336103185,0.3217492871772336,0
-0.5552790415979099,0.44590103950147875,-0.3897304152463706,0.2732312961117544,0.41173269183271005,0.47234264016825267,0.7288155252362812,2.2404481344448155,-0.44371284815512574,-0.3009753239857258,-0.5283622494715786,-0.39260073655797517,-0.7820157008848647,1.4281470373865712,-0.3231946509540759,-0.1985559510872464,-0.3128894291355315,-0.3020493992100537,-0.26486531719390427,0
-0.5903376468109477,0.44897915756195406,-0.6277159696583761,0.2732312961117544,-2.428760260810931,0.47234264016825267,0.7288155252362812,-0.44633927678392804,-0.44371284815512574,-0.3009753239857258,1.8926408936295354,-0.39260073655797517,-0.7820157008848647,1.4281470373865712,-0.35496084073611606,-0.007592366529801701,-0.4216688065210272,-0.37987850239574505,-0.6582165845181062,0
-0.4142254944557343,0.04403562605054023,-0.4849246370111728,0.2732312961117544,0.41173269183271005,0.47234264016825267,0.7288155252362812,-0.44633927678392804,-0.44371284815512574,-0.3009753239857258,1.8926408936295354,-0.39260073655797517,1.2787467040220322,-0.7002080134759401,-0.37185115627876175,-0.18954146493263618,-0.3564011800897298,-0.42264444162274206,-0.41322944521526506,1
-0.06609682119542894,-0.5544873301529852,-0.16364413855496537,0.2732312961117544,0.41173269183271005,-2.1171071907541332,-1.3720893221584447,-0.44633927678392804,-0.44371284815512574,-0.3009753239857258,-0.5283622494715786,-0.39260073655797517,-0.7820157008848647,-0.7002080134759401,-0.31374227253112735,-0.353263404799815,-0.20954902061931072,-0.2795132689130268,0.04946445417398542,1
-0.6190070669617963,0.06216232129556129,-0.5920181364965753,0.2732312961117544,0.41173269183271005,0.47234264016825267,0.7288155252362812,2.2404481344448155,-0.44371284815512574,-0.3009753239857258,-0.5283622494715786,-0.39260073655797517,-0.7820157008848647,1.4281470373865712,-0.5573347132012108,-0.41086771173653974,-0.4053518999132028,-0.9724771681588017,-0.594155590493605,1
-0.22992207920027855,0.30054546442347974,-0.06844991679016317,0.2732312961117544,0.41173269183271005,0.47234264016825267,-1.3720893221584447,-0.44633927678392804,-0.44371284815512574,-0.3009753239857258,-0.5283622494715786,-0.39260073655797517,-0.7820157008848647,-0.7002080134759401,-0.08130673754058973,-0.12635050387600608,-0.16603726966511242,0.20218205043325996,0.16857026372749884,1
-0.5575725952099777,-0.5544873301529852,-0.21124124943736647,0.2732312961117544,0.41173269183271005,0.47234264016825267,-1.3720893221584447,-0.44633927678392804,-0.44371284815512574,-0.3009753239857258,1.8926408936295354,-0.39260073655797517,-0.7820157008848647,1.4281470373865712,-0.7786133425122026,-0.9438832052194491,-0.2313048960964098,-1.961549190451018,-0.012803201343461017,0
-0.26891249060543276,0.015306524152771011,-0.12794630539316454,0.2732312961117544,0.41173269183271005,-2.1171071907541332,-1.3720893221584447,-0.44633927678392804,-0.44371284815512574,-0.3009753239857258,-0.5283622494715786,-0.39260073655797517,-0.7820157008848647,-0.7002080134759401,-0.24742066654716063,-0.29146139399472587,-0.19323211401148638,-0.12872153244677223,0.09494828640563074,1
-0.4920424920080379,0.08268310836539645,-0.49682391473177306,0.2732312961117544,-2.428760260810931,-2.1171071907541332,-1.3720893221584447,-0.44633927678392804,-0.44371284815512574,-0.3009753239857258,-0.5283622494715786,-0.39260073655797517,-0.7820157008848647,1.4281470373865712,-0.42794559872314486,-0.2706810526752187,-0.36184014895900457,-0.5722752944359993,-0.43255762089003547,0
2.429453333992445,-0.5544873301529852,3.9773045082139302,0.2732312961117544,0.41173269183271005,0.47234264016825267,-1.3720893221584447,-0.44633927678392804,-0.44371284815512574,-0.3009753239857258,-0.5283622494715786,-0.39260073655797517,-0.7820157008848647,-0.7002080134759401,2.046718063809446,-0.2398492622081995,1.6832121458883131,2.2871348116735297,2.67077383847566,0
0.3708251419035049,-0.5544873301529852,0.4670175806368492,0.2732312961117544,0.41173269183271005,0.47234264016825267,0.7288155252362812,-0.44633927678392804,2.253709812906728,-0.3009753239857258,1.8926408936295354,-0.39260073655797517,-0.7820157008848647,-0.7002080134759401,0.09952810868204855,-0.2586620517551933,0.0787163294522527,0.5053551898952688,0.7333760263436212,1
-0.40734483361953067,-0.5544873301529852,-0.7348094691437785,0.2732312961117544,0.41173269183271005,-2.1171071907541332,-1.3720893221584447,-0.44633927678392804,-0.44371284815512574,-0.3009753239857258,-0.5283622494715786,-0.39260073655797517,1.2787467040220322,-0.7002080134759401,-0.6365177521213207,-0.4369339845523496,-0.4706195263445002,-1.2688016525061618,-0.8634395292591737,1
-0.40570658103948215,0.26805421822957404,-0.41352897068757116,0.2732312961117544,0.41173269183271005,0.47234264016825267,-1.3720893221584447,-0.44633927678392804,-0.44371284815512574,-0.3009753239857258,1.8926408936295354,-0.39260073655797517,1.2787467040220322,-0.7002080134759401,-0.262296540786555,-0.08368810842679673,-0.32376736687408114,-0.16148304148046427,-0.300956653470836,1
-0.474513189401519,-0.5544873301529852,-1.0679892453205864,0.2732312961117544,0.41173269183271005,-2.1171071907541332,-1.3720893221584447,-0.44633927678392804,-0.44371284815512574,-0.3009753239857258,-0.5283622494715786,-0.39260073655797517,-0.7820157008848647,-0.7002080134759401,-0.7000501316854009,-0.170426307100219,-0.622910654684194,-1.5468413493119737,-1.678266769810647,1
0.056116821276188854,-0.5544873301529852,-0.020852805907762065,-4.014071330210684,0.41173269183271005,0.47234264016825267,0.7288155252362812,-0.44633927678392804,2.253709812906728,-0.3009753239857258,-0.5283622494715786,2.5471169737663755,-0.7820157008848647,-0.7002080134759401,-0.19814433312916666,-0.2995463179155158,2.4291275701735016,-0.02419366132258673,0.22561194869847703,1
-0.48008324817368386,0.07584284600878473,0.15763635990124206,0.2732312961117544,0.41173269183271005,0.47234264016825267,0.7288155252362812,-0.44633927678392804,-0.44371284815512574,-0.3009753239857258,-0.5283622494715786,-0.39260073655797517,-0.7820157008848647,-0.7002080134759401,-0.4197328764868125,-0.6381493655589785,-0.06269686114889164,-0.5495913997111413,0.4263418164843506,0
-0.32838105926119315,0.006414183089175776,-0.41352897068757116,-2.5228356340985316,0.41173269183271005,0.47234264016825267,0.7288155252362812,2.2404481344448155,-0.44371284815512574,-0.3009753239857258,1.8926408936295354,-0.39260073655797517,-0.7820157008848647,1.4281470373865712,-0.30769894862137337,-0.15374464984344163,0.27995814407511327,-0.26524852574605845,-0.300956653470836,1
-0.27628462721565095,-0.5544873301529852,-0.3064354712021687,0.2732312961117544,0.41173269183271005,0.47234264016825267,0.7288155252362812,-0.44633927678392804,2.253709812906728,-0.3009753239857258,-0.5283622494715786,-0.39260073655797517,1.2787467040220322,-0.7002080134759401,-0.5125521334597005,-0.53649126574354,-0.2748166470506081,-0.8238887126806191,-0.14335063876429482,1
-0.5480707302456964,0.17536866329748527,-0.6872123582613775,0.2732312961117544,0.41173269183271005,0.47234264016825267,0.7288155252362812,-0.44633927678392804,-0.44371284815512574,-0.3009753239857258,-0.5283622494715786,-0.39260073655797517,-0.7820157008848647,1.4281470373865712,-0.43894754737936365,-0.09429552020369078,-0.44886365086740104,-0.6031090449953366,-0.7696709506980769,1
-0.3051178726245045,-0.5544873301529852,-0.4016296929669709,0.2732312961117544,0.41173269183271005,-2.1171071907541332,-1.3720893221584447,2.2404481344448155,-0.44371284815512574,-0.3009753239857258,-0.5283622494715786,-0.39260073655797517,1.2787467040220322,-0.7002080134759401,-0.5398245695652569,-0.5194771121705452,-0.3183283980048063,-0.9129389905962845,-0.2828311362010103,1
0.753029468828819,-0.5544873301529852,0.11003924901884096,0.2732312961117544,0.41173269183271005,0.47234264016825267,0.7288155252362812,2.2404481344448155,-0.44371284815512574,-0.3009753239857258,-0.5283622494715786,2.5471169737663755,-0.7820157008848647,-0.7002080134759401,0.4610428441039981,0.3536967587311288,-0.08445273662599073,0.9931307700565885,0.3747160902523562,0
-0.4920424920080379,0.1866550961858946,-0.36593185980517007,0.2732312961117544,0.41173269183271005,0.47234264016825267,0.7288155252362812,-0.44633927678392804,-0.44371284815512574,-0.3009753239857258,-0.5283622494715786,-0.39260073655797517,1.2787467040220322,-0.7002080134759401,-0.38083866363172925,-0.3045819211124259,-0.3020114913969819,-0.445813233492835,-0.22940168825346138,1
-0.17389384096261998,-0.4898468508830045,-0.2588383603197676,0.2732312961117544,0.41173269183271005,0.47234264016825267,0.7288155252362812,-0.44633927678392804,-0.44371284815512574,3.322531517724777,-0.5283622494715786,-0.39260073655797517,1.2787467040220322,-0.7002080134759401,-0.3864171164715021,-0.3887865353217097,-0.25306077157350887,-0.46034229314583386,-0.07703236222851359,1
-0.29528835714421353,-0.010686472802353523,-0.21124124943736647,0.2732312961117544,0.41173269183271005,0.47234264016825267,0.7288155252362812,-0.44633927678392804,2.253709812906728,-0.3009753239857258,1.8926408936295354,-0.39260073655797517,-0.7820157008848647,-0.7002080134759401,-0.28414548107566556,-0.2822445180602148,-0.2313048960964098,-0.2106866692155015,-0.012803201343461017,1
-0.3665523443763231,0.4664218265713139,-0.16364413855496537,0.2732312961117544,0.41173269183271005,-2.1171071907541332,-1.3720893221584447,-0.44633927678392804,-0.44371284815512574,-0.3009753239857258,-0.5283622494715786,-0.39260073655797517,-0.7820157008848647,-0.7002080134759401,-0.1353867386817215,-0.12184097444985538,-0.20954902061931072,0.1008571411828321,0.04946445417398542,1
1.5721557588530668,-0.5544873301529852,1.835434518505881,0.2732312961117544,0.41173269183271005,0.47234264016825267,0.7288155252362812,-0.44633927678392804,-0.44371284815512574,3.322531517724777,-0.5283622494715786,-0.39260073655797517,-0.7820157008848647,-0.7002080134759401,1.2358279607391236,-0.031564053489464054,0.7041977494188525,1.7376260053280366,1.7149280226411716,1
0.5344865746503497,1.1497640359968246,2.7397796252715017,0.2732312961117544,-2.428760260810931,0.47234264016825267,0.7288155252362812,2.2404481344448155,-0.44371284815512574,-0.3009753239857258,-0.5283622494715786,2.5471169737663755,-0.7820157008848647,-0.7002080134759401,1.0264810222243126,-0.39515057348829524,1.1175593834837358,1.5643206880017453,2.1740022794543634,0
-0.07969431760983145,-0.5544873301529852,-0.18744269399616592,0.2732312961117544,-2.428760260810931,0.47234264016825267,-1.3720893221584447,-0.44633927678392804,-0.44371284815512574,-0.3009753239857258,-0.5283622494715786,-0.39260073655797517,-0.7820157008848647,-0.7002080134759401,-0.32660370546727047,-0.35474198542186086,-0.22042695835786022,-0.3102455269947899,0.018568298456255856,1
0.06791223985253803,0.18426100436108048,0.45511830291624894,0.2732312961117544,0.41173269183271005,0.47234264016825267,0.7288155252362812,-0.44633927678392804,-0.44371284815512574,-0.3009753239857258,-0.5283622494715786,2.5471169737663755,1.2787467040220322,-0.7002080134759401,0.14771974293675336,-0.20782557659924833,0.07327736058297796,0.5783615404208513,0.7223835077197738,1
-0.17536826828466362,0.28378682164978103,-0.4254282484081714,0.2732312961117544,0.41173269183271005,-2.1171071907541332,0.7288155252362812,-0.44633927678392804,-0.44371284815512574,-0.3009753239857258,-0.5283622494715786,-0.39260073655797517,-0.7820157008848647,1.4281470373865712,-0.03729894291571461,0.27823228651056814,-0.32920633574335584,0.2806991747139319,-0.3192447336033025,0
-0.4756599662075529,-0.5544873301529852,-0.9370971903939832,0.2732312961117544,0.41173269183271005,-2.1171071907541332,-1.3720893221584447,-0.44633927678392804,-0.44371284815512574,-0.3009753239857258,-0.5283622494715786,-0.39260073655797517,-0.7820157008848647,1.4281470373865712,-0.7011348308486901,-0.3682681088807105,-0.5630819971221714,-1.5519737602736046,-1.318453166211112,1
-0.16701318012641628,0.058742190117255434,-0.3421333043639695,0.2732312961117544,0.41173269183271005,0.47234264016825267,-1.3720893221584447,2.2404481344448155,-0.44371284815512574,-0.3009753239857258,-0.5283622494715786,-0.39260073655797517,-0.7820157008848647,1.4281470373865712,-0.13135785607521883,0.04261231020423666,-0.2911335536584324,0.10860149252979055,-0.19454430497423147,1
-0.4043959789754433,-0.5544873301529852,-0.5682195810553747,0.2732312961117544,0.41173269183271005,0.47234264016825267,-1.3720893221584447,-0.44633927678392804,-0.44371284815512574,-0.3009753239857258,-0.5283622494715786,-0.39260073655797517,1.2787467040220322,-0.7002080134759401,-0.6337285257014341,-0.5637220588698602,-0.39447396217465325,-1.2575090175742165,-0.5525397120498465,1
-0.421106155291938,-0.5544873301529852,-0.8895000795115822,0.2732312961117544,0.41173269183271005,0.47234264016825267,-1.3720893221584447,-0.44633927678392804,-0.44371284815512574,-0.3009753239857258,-0.5283622494715786,-0.39260073655797517,-0.7820157008848647,1.4281470373865712,-0.6495341420807907,-0.29958273573157956,-0.5413261216450723,-1.322438768428248,-1.2019010292098635,1
9.490977255033481,-0.5544873301529852,4.096297285419933,-2.5228356340985316,0.41173269183271005,0.47234264016825267,0.7288155252362812,-0.44633927678392804,-0.44371284815512574,-0.3009753239857258,-0.5283622494715786,-0.39260073655797517,-0.7820157008848647,1.4281470373865712,8.725985597297536,2.0719900197552077,4.402696432464892,4.382577927431276,2.71273225851004,1
0.7256706507420091,0.07242271483047887,0.43131974747504837,-2.5228356340985316,0.41173269183271005,0.47234264016825267,0.7288155252362812,2.2404481344448155,-0.44371284815512574,-0.3009753239857258,-0.5283622494715786,2.5471169737663755,-0.7820157008848647,1.4281470373865712,0.7192012449668219,0.34262346549722766,1.0522917020584228,1.2760668352191116,0.7002190800772985,1
0.016307283581010405,0.9811515689063458,-0.9013993572321825,0.2732312961117544,0.41173269183271005,0.47234264016825267,0.7288155252362812,-0.44633927678392804,-0.44371284815512574,-0.3009753239857258,-0.5283622494715786,2.5471169737663755,1.2787467040220322,-0.7002080134759401,0.4599581449407089,2.4302280018124893,-0.5467650905143472,0.9918450370822754,-1.2304204768512392,1
-0.025140506694216542,-0.3191823050855421,0.16953563762184234,0.2732312961117544,0.41173269183271005,0.47234264016825267,0.7288155252362812,2.2404481344448155,-0.44371284815512574,-0.3009753239857258,-0.5283622494715786,-0.39260073655797517,-0.7820157008848647,-0.7002080134759401,-0.16839258465037782,-0.3736008190480651,-0.057257892279616786,0.03615234893400369,0.43904657575501027,1
-0.4756599662075529,1.0187730118677103,0.35992408115144675,0.2732312961117544,0.41173269183271005,0.47234264016825267,0.7288155252362812,-0.44633927678392804,2.253709812906728,-0.3009753239857258,-0.5283622494715786,2.5471169737663755,-0.7820157008848647,-0.7002080134759401,0.01166747645562532,-0.28791821522273975,0.02976560962877967,0.3642900822894511,0.6322425432713717,1
-0.5854228890708022,-0.5544873301529852,-0.21124124943736647,0.2732312961117544,-2.428760260810931,-2.1171071907541332,-1.3720893221584447,-0.44633927678392804,-0.44371284815512574,3.322531517724777,1.8926408936295354,-0.39260073655797517,-0.7820157008848647,1.4281470373865712,-0.8049560364777969,-0.979131897421602,-0.2313048960964098,-2.1245848889624757,-0.012803201343461017,0
-0.2037100379195026,-0.5544873301529852,-0.8895000795115822,0.2732312961117544,0.41173269183271005,-2.1171071907541332,-1.3720893221584447,-0.44633927678392804,-0.44371284815512574,-0.3009753239857258,-0.5283622494715786,-0.39260073655797517,1.2787467040220322,-0.7002080134759401,-0.44390617212582845,0.19645715550050066,-0.5413261216450723,-0.6171770257108531,-1.2019010292098635,1
-0.45157765328084004,-0.01171251215584528,0.3242262479896459,0.2732312961117544,0.41173269183271005,0.47234264016825267,0.7288155252362812,-0.44633927678392804,-0.44371284815512574,3.322531517724777,1.8926408936295354,-0.39260073655797517,-0.7820157008848647,-0.7002080134759401,-0.4324393523996286,-0.7090293418192288,0.013448703020955327,-0.5848068789381403,0.5973851599921436,0
-0.49564664768414457,-0.5544873301529852,-1.186982022526589,0.2732312961117544,0.41173269183271005,-2.1171071907541332,-1.3720893221584447,-0.44633927678392804,-0.44371284815512574,-0.3009753239857258,-0.5283622494715786,-0.39260073655797517,-0.7820157008848647,-0.7002080134759401,-0.7200395876945871,0.013438629877094732,-0.6773003433769419,-1.6438080019221817,-2.071618037134849,0
-0.13916288626559187,-0.13415320833919506,0.1457370821806418,0.2732312961117544,0.41173269183271005,0.47234264016825267,0.7288155252362812,2.2404481344448155,-0.44371284815512574,-0.3009753239857258,1.8926408936295354,-0.39260073655797517,-0.7820157008848647,1.4281470373865712,-0.1924109232660667,-0.38716907313418825,-0.06813583001816638,-0.012409182636684186,0.41355740303033994,1
-0.36540556757028914,-0.5544873301529852,-0.8538022463497813,0.2732312961117544,0.41173269183271005,0.47234264016825267,0.7288155252362812,-0.44633927678392804,-0.44371284815512574,3.322531517724777,1.8926408936295354,-0.39260073655797517,1.2787467040220322,-0.7002080134759401,-0.5968487541496021,-0.22057338139806493,-0.525009215037248,-1.1143793456293714,-1.1186606035515918,1
-0.4620624697931504,0.2424032343922801,-0.2469390825991673,0.2732312961117544,0.41173269183271005,0.47234264016825267,0.7288155252362812,-0.44633927678392804,2.253709812906728,-0.3009753239857258,-0.5283622494715786,-0.39260073655797517,-0.7820157008848647,-0.7002080134759401,-0.32722353356057854,-0.3154380061176131,-0.24762180270423415,-0.3117396703860139,-0.06078440959636888,1
-0.47582379146555775,0.2861809134745951,0.16953563762184234,0.2732312961117544,0.41173269183271005,0.47234264016825267,0.7288155252362812,-0.44633927678392804,-0.44371284815512574,-0.3009753239857258,-0.5283622494715786,-0.39260073655797517,1.2787467040220322,-0.7002080134759401,-0.32040542453418946,-0.5363253724156335,-0.057257892279616786,-0.29537058031444446,0.43904657575501027,1
-0.3080667272685918,0.5502150404398075,0.07434141585704014,0.2732312961117544,-2.428760260810931,0.47234264016825267,0.7288155252362812,-0.44633927678392804,-0.44371284815512574,-0.3009753239857258,1.8926408936295354,-0.39260073655797517,-0.7820157008848647,-0.7002080134759401,-0.042102610638852386,-0.1794558249232017,-0.10076964323381507,0.2722900654146195,0.3351205302800961,0
-0.3801498407907256,0.18699710930372518,-0.23503980487856702,0.2732312961117544,0.41173269183271005,0.47234264016825267,0.7288155252362812,-0.44633927678392804,2.253709812906728,-0.3009753239857258,1.8926408936295354,-0.39260073655797517,-0.7820157008848647,1.4281470373865712,-0.2748480596760441,-0.25252174265518296,-0.2421828338349594,-0.1895875999457484,-0.04466490062062163,1
0.15228224772503557,1.0129587888645903,1.3475641319612697,0.2732312961117544,0.41173269183271005,0.47234264016825267,0.7288155252362812,-0.44633927678392804,-0.44371284815512574,-0.3009753239857258,-0.5283622494715786,-0.39260073655797517,1.2787467040220322,-0.7002080134759401,0.602983477471553,-0.23999167518273967,0.4812000257785864,1.1540571622925688,1.4163443315754325,1
-0.4551818089569467,1.5830946562881771,0.49081613607804975,0.2732312961117544,0.41173269183271005,0.47234264016825267,0.7288155252362812,-0.44633927678392804,-0.44371284815512574,-0.3009753239857258,-0.5283622494715786,-0.39260073655797517,-0.7820157008848647,-0.7002080134759401,0.28671619286109484,-0.09897900751416609,0.08959426719080218,0.7739973398188628,0.7551848680986367,1
0.6028017072383719,-0.5544873301529852,0.9786865226226611,0.2732312961117544,0.41173269183271005,0.47234264016825267,0.7288155252362812,-0.44633927678392804,-0.44371284815512574,-0.3009753239857258,-0.5283622494715786,-0.39260073655797517,1.2787467040220322,-0.7002080134759401,0.31894725371311605,-0.30127295540310434,0.31259199083106826,0.8165327429636896,1.157460032670107,1
0.5482478963227571,0.8706813318470665,1.930628740270683,0.2732312961117544,0.41173269183271005,0.47234264016825267,-1.3720893221584447,-0.44633927678392804,-0.44371284815512574,-0.3009753239857258,-0.5283622494715786,-0.39260073655797517,-0.7820157008848647,-0.7002080134759401,0.9130524811489302,-0.24552281593779096,0.7477095003730508,1.4631076921813013,1.7684158701209387,0
-0.4484649733787479,0.15792599428812537,-0.6039174142171756,0.2732312961117544,0.41173269183271005,0.47234264016825267,0.7288155252362812,-0.44633927678392804,-0.44371284815512574,3.322531517724777,-0.5283622494715786,-0.39260073655797517,-0.7820157008848647,-0.7002080134759401,-0.3526364853862107,-0.03184351937318841,-0.41079086878247756,-0.37407047817640354,-0.6152864248387256,1
0.015815807806995857,-0.5544873301529852,-0.4849246370111728,0.2732312961117544,-2.428760260810931,-2.1171071907541332,0.7288155252362812,-0.44633927678392804,-0.44371284815512574,-0.3009753239857258,-0.5283622494715786,2.5471169737663755,-0.7820157008848647,-0.7002080134759401,-0.23626376086761483,0.03162679608031259,-0.3564011800897298,-0.10452836399959696,-0.41322944521526506,0
-0.48827451107392633,-0.3817707056485393,-0.18744269399616592,0.2732312961117544,0.41173269183271005,-2.1171071907541332,0.7288155252362812,-0.44633927678392804,-0.44371284815512574,-0.3009753239857258,-0.5283622494715786,-0.39260073655797517,1.2787467040220322,-0.7002080134759401,-0.6348132248647234,-0.7608069200787209,-0.22042695835786022,-1.261892349539794,0.018568298456255856,1
-0.2605574024471854,-0.5544873301529852,-0.3540325820845698,-2.5228356340985316,0.41173269183271005,-2.1171071907541332,-1.3720893221584447,-0.44633927678392804,-0.44371284815512574,-0.3009753239857258,-0.5283622494715786,-0.39260073655797517,-0.7820157008848647,1.4281470373865712,-0.4976762592203061,-0.4861793015169021,0.3343478312570365,-0.7770765642593181,-0.2118985141187817,1
0.47993276373473476,0.5286682140164806,0.2290320262248437,0.2732312961117544,0.41173269183271005,0.47234264016825267,0.7288155252362812,-0.44633927678392804,2.253709812906728,-0.3009753239857258,-0.5283622494715786,-0.39260073655797517,-0.7820157008848647,-0.7002080134759401,0.6934783790945357,0.4911972726360781,-0.030063047933242954,1.2497519725162192,0.5014094565867142,1
-0.2504002364508847,-0.5544873301529852,-0.9370971903939832,0.2732312961117544,0.41173269183271005,0.47234264016825267,0.7288155252362812,2.2404481344448155,-0.44371284815512574,-0.3009753239857258,-0.5283622494715786,-0.39260073655797517,-0.7820157008848647,1.4281470373865712,-0.4880689237740306,0.1763999671783497,-0.5630819971221714,-0.7474658493558628,-1.318453166211112,0
-0.3937473372051281,0.015306524152771011,-0.5444210256141742,2.1372759162519452,-2.428760260810931,0.47234264016825267,0.7288155252362812,-0.44633927678392804,-0.44371284815512574,-0.3009753239857258,1.8926408936295354,-0.39260073655797517,-0.7820157008848647,1.4281470373865712,-0.36549791832235373,-0.1202083805486398,-0.5195702433351771,-0.40644108948885543,-0.5117562072339227,0
-0.03873800310861906,0.5286682140164806,0.6455067464458534,0.2732312961117544,0.41173269183271005,0.47234264016825267,0.7288155252362812,-0.44633927678392804,-0.44371284815512574,3.322531517724777,-0.5283622494715786,-0.39260073655797517,1.2787467040220322,-0.7002080134759401,0.20288444324117427,-0.25264387931606247,0.1603008624913743,0.6585169102808528,0.8915255855732974,1
-0.11147641766277228,-0.5544873301529852,-0.7705073023055794,0.2732312961117544,0.41173269183271005,-2.1171071907541332,-1.3720893221584447,2.2404481344448155,-0.44371284815512574,-0.3009753239857258,-0.5283622494715786,-0.39260073655797517,1.2787467040220322,-0.7002080134759401,-0.3566653679927133,0.1889487683402515,-0.4869364329523245,-0.3841494258542892,-0.9367087503711017,0
-0.06609682119542894,0.6996747729317736,1.0738807443874632,0.2732312961117544,0.41173269183271005,0.47234264016825267,0.7288155252362812,-0.44633927678392804,2.253709812906728,-0.3009753239857258,-0.5283622494715786,-0.39260073655797517,1.2787467040220322,-0.7002080134759401,0.25448513200907363,-0.38389636974855973,0.3561037417852666,0.7304532518333492,1.2274791785285362,1
-0.10705313569664134,0.24342927374577186,-0.18744269399616592,0.2732312961117544,0.41173269183271005,0.47234264016825267,0.7288155252362812,-0.44633927678392804,-0.44371284815512574,-0.3009753239857258,-0.5283622494715786,-0.39260073655797517,-0.7820157008848647,1.4281470373865712,0.009033207059065894,0.08745844115770607,-0.22042695835786022,0.35988865104573264,0.018568298456255856,1
-0.39161760885106506,0.4828384562271821,-0.6039174142171756,-0.6587910139583409,0.41173269183271005,0.47234264016825267,0.7288155252362812,-0.44633927678392804,-0.44371284815512574,-0.3009753239857258,-0.5283622494715786,-0.39260073655797517,-0.7820157008848647,1.4281470373865712,-0.15165722613105911,0.33049993114224707,-0.30745046371093687,0.06924529021498532,-0.6152864248387256,1
0.23239279888940703,-0.5544873301529852,-0.05655063906956289,0.2732312961117544,0.41173269183271005,0.47234264016825267,-1.3720893221584447,-0.44633927678392804,-0.44371284815512574,-0.3009753239857258,-0.5283622494715786,2.5471169737663755,-0.7820157008848647,-0.7002080134759401,-0.03141057602928765,-0.07448015846539081,-0.1605983007958377,0.2909548569870313,0.1829809757655036,1
0.13311469253846817,-0.5544873301529852,-0.1517448608343651,0.2732312961117544,0.41173269183271005,0.47234264016825267,-1.3720893221584447,-0.44633927678392804,-0.44371284815512574,-0.3009753239857258,1.8926408936295354,-0.39260073655797517,-0.7820157008848647,-0.7002080134759401,-0.12531453216546487,-0.11816894560615904,-0.20411005175003585,0.12015712290778575,0.06473873732769238,0
-0.4756599662075529,-0.5544873301529852,-0.5920181364965753,2.1372759162519452,0.41173269183271005,0.47234264016825267,-1.3720893221584447,-0.44633927678392804,-0.44371284815512574,-0.3009753239857258,-0.5283622494715786,-0.39260073655797517,1.2787467040220322,-0.7002080134759401,-0.7011348308486901,-0.6674228922208892,-0.5358871500563132,-1.5519737602736046,-0.594155590493605,0
-0.04578248920282759,-0.5544873301529852,-0.2588383603197676,0.2732312961117544,-2.428760260810931,0.47234264016825267,-1.3720893221584447,-0.44633927678392804,-0.44371284815512574,-0.3009753239857258,-0.5283622494715786,-0.39260073655797517,-0.7820157008848647,-0.7002080134759401,-0.2945276016385763,-0.2618644894882428,-0.25306077157350887,-0.23453739560855877,-0.07703236222851359,0
0.15097164566099677,-0.5544873301529852,0.34802480343084646,0.2732312961117544,0.41173269183271005,0.47234264016825267,0.7288155252362812,2.2404481344448155,-0.44371284815512574,-0.3009753239857258,-0.5283622494715786,-0.39260073655797517,1.2787467040220322,-0.7002080134759401,-0.10842421662281912,-0.3993353216939365,0.024326640759504924,0.1520732467214017,0.6206894966924292,1
2.3470492292160055,1.2465537483428806,5.048239503067955,0.2732312961117544,0.41173269183271005,0.47234264016825267,0.7288155252362812,-0.44633927678392804,-0.44371284815512574,-0.3009753239857258,-0.5283622494715786,-0.39260073655797517,-0.7820157008848647,-0.7002080134759401,2.784778365916066,-0.1947163792314915,2.1727193441230437,2.675313398983026,3.0205254717725336,0
1.6964991296787477,-0.5544873301529852,-1.0798885230411865,0.2732312961117544,0.41173269183271005,-2.1171071907541332,-1.3720893221584447,-0.44633927678392804,-0.44371284815512574,-0.3009753239857258,-0.5283622494715786,2.5471169737663755,1.2787467040220322,-0.7002080134759401,1.3534403414443354,6.245914276912327,-0.6283496235534688,1.8282626076232713,-1.714358106087577,1
-0.03578914846453177,-0.5544873301529852,0.11003924901884096,0.2732312961117544,0.41173269183271005,0.47234264016825267,0.7288155252362812,-0.44633927678392804,2.253709812906728,-0.3009753239857258,-0.5283622494715786,-0.39260073655797517,1.2787467040220322,-0.7002080134759401,-0.2850752232156277,-0.470761467973858,-0.08445273662599073,-0.21280997119788644,0.3747160902523562,1
0.6421197691595358,2.1381819465272183,2.787376736153903,-0.6587910139583409,0.41173269183271005,0.47234264016825267,0.7288155252362812,-0.44633927678392804,2.253709812906728,-0.3009753239857258,-0.5283622494715786,2.5471169737663755,-0.7820157008848647,-0.7002080134759401,1.5761135839652707,-0.15756011902969502,1.5526768792469978,1.9884980843321323,2.195523400241726,1
-0.38359017120882744,0.12509273497638912,-0.41352897068757116,-2.5228356340985316,-2.428760260810931,0.47234264016825267,-1.3720893221584447,2.2404481344448155,-0.44371284815512574,-0.3009753239857258,-0.5283622494715786,-0.39260073655797517,-0.7820157008848647,1.4281470373865712,-0.30614937838810313,-0.1513536416039656,0.27995814407511327,-0.2616086789120982,-0.300956653470836,0
-0.4324100980942726,-0.055490191238160284,-0.4254282484081714,0.2732312961117544,0.41173269183271005,-2.1171071907541332,-1.3720893221584447,-0.44633927678392804,-0.44371284815512574,-0.3009753239857258,-0.5283622494715786,-0.39260073655797517,-0.7820157008848647,1.4281470373865712,-0.43414387965622586,-0.3396716250234259,-0.32920633574335584,-0.5895826999045256,-0.3192447336033025,1
-0.09607684341031641,-0.23880922239535438,-0.3064354712021687,-2.5228356340985316,0.41173269183271005,0.47234264016825267,0.7288155252362812,-0.44633927678392804,-0.44371284815512574,-0.3009753239857258,-0.5283622494715786,-0.39260073655797517,-0.7820157008848647,1.4281470373865712,-0.1990740752691288,-0.0890678683878762,0.377859581002575,-0.02611180438679801,-0.14335063876429482,1
0.5482478963227571,1.1542102065286222,-0.18744269399616592,0.2732312961117544,0.41173269183271005,0.47234264016825267,0.7288155252362812,-0.44633927678392804,-0.44371284815512574,3.322531517724777,-0.5283622494715786,-0.39260073655797517,-0.7820157008848647,-0.7002080134759401,1.041511853487034,1.4477453489599474,-0.22042695835786022,1.5773237212206446,0.018568298456255856,1
-0.17913624921877516,-0.5544873301529852,-0.18744269399616592,0.2732312961117544,0.41173269183271005,0.47234264016825267,0.7288155252362812,-0.44633927678392804,-0.44371284815512574,-0.3009753239857258,-0.5283622494715786,-0.39260073655797517,1.2787467040220322,-0.7002080134759401,-0.4206626186267747,-0.47866426563137016,-0.22042695835786022,-0.5521453669190863,0.018568298456255856,1
-0.3824433944027935,-0.5544873301529852,-0.8895000795115822,2.1372759162519452,0.41173269183271005,0.47234264016825267,-1.3720893221584447,-0.44633927678392804,-0.44371284815512574,-0.3009753239857258,-0.5283622494715786,-0.39260073655797517,-0.7820157008848647,1.4281470373865712,-0.6129642845756128,-0.21136463902414113,-0.6378678170634143,-1.1755558620794926,-1.2019010292098635,0
-0.002041145315532749,-0.5544873301529852,-0.18744269399616592,0.2732312961117544,0.41173269183271005,0.47234264016825267,0.7288155252362812,-0.44633927678392804,2.253709812906728,-0.3009753239857258,-0.5283622494715786,-0.39260073655797517,-0.7820157008848647,1.4281470373865712,-0.25315407641026055,-0.25797236298478116,-0.22042695835786022,-0.14127923385466698,0.018568298456255856,1
-0.3391935262895132,0.30054546442347974,-0.21124124943736647,0.2732312961117544,0.41173269183271005,0.47234264016825267,0.7288155252362812,-0.44633927678392804,-0.44371284815512574,-0.3009753239857258,-0.5283622494715786,-0.39260073655797517,1.2787467040220322,-0.7002080134759401,-0.18466307209971547,-0.1491288686850257,-0.2313048960964098,0.003396579660454203,-0.012803201343461017,1
0.08806274658713453,0.8929121845060546,1.7878374076234798,0.2732312961117544,0.41173269183271005,0.47234264016825267,-1.3720893221584447,-0.44633927678392804,-0.44371284815512574,-0.3009753239857258,-0.5283622494715786,-0.39260073655797517,1.2787467040220322,-0.7002080134759401,0.4878504091395734,-0.4464338945990707,0.6824418739417535,1.0246240096681745,1.6876485888125012,1
0.09772843680942066,-0.5544873301529852,0.12193852673944124,0.2732312961117544,0.41173269183271005,-2.1171071907541332,-1.3720893221584447,-0.44633927678392804,-0.44371284815512574,-0.3009753239857258,-0.5283622494715786,-0.39260073655797517,-0.7820157008848647,1.4281470373865712,-0.15878524920410228,-0.33779708064241337,-0.07901376775671598,0.05522299468401092,0.3877455739868702,1
0.2889125129010801,-0.5544873301529852,-0.21124124943736647,0.2732312961117544,0.41173269183271005,0.47234264016825267,-1.3720893221584447,-0.44633927678392804,-0.44371284815512574,-0.3009753239857258,-0.5283622494715786,2.5471169737663755,-0.7820157008848647,1.4281470373865712,0.022049597018536,0.1274696924777505,-0.2313048960964098,0.38153489926033285,-0.012803201343461017,1
-0.13719698316953366,-0.5544873301529852,-0.5444210256141742,0.2732312961117544,0.41173269183271005,0.47234264016825267,0.7288155252362812,-0.44633927678392804,2.253709812906728,-0.3009753239857258,-0.5283622494715786,-0.39260073655797517,-0.7820157008848647,1.4281470373865712,-0.38099362065505626,-0.1467485717438117,-0.38359602443610374,-0.44621527008480655,-0.5117562072339227,0
-0.28447589011589347,-0.5544873301529852,-0.3897304152463706,-2.5228356340985316,0.41173269183271005,0.47234264016825267,-1.3720893221584447,2.2404481344448155,-0.44371284815512574,-0.3009753239857258,-0.5283622494715786,-0.39260073655797517,-0.7820157008848647,1.4281470373865712,-0.5202999846260518,-0.4973092571813883,0.3017140189478825,-0.8487510221581724,-0.26486531719390427,1
-0.5008890559402998,-0.007266341624047663,-0.16364413855496537,0.2732312961117544,0.41173269183271005,0.47234264016825267,-1.3720893221584447,-0.44633927678392804,-0.44371284815512574,-0.3009753239857258,1.8926408936295354,-0.39260073655797517,1.2787467040220322,-0.7002080134759401,-0.4770669751178118,-0.5651828153896131,-0.20954902061931072,-0.7141331046551403,0.04946445417398542,1
-0.39210908462507965,0.5180658073637324,-0.21124124943736647,0.2732312961117544,-2.428760260810931,0.47234264016825267,0.7288155252362812,-0.44633927678392804,-0.44371284815512574,-0.3009753239857258,1.8926408936295354,-0.39260073655797517,-0.7820157008848647,1.4281470373865712,-0.1361615237983566,-0.08422980598341478,-0.2313048960964098,0.09936409115627166,-0.012803201343461017,0
-0.5030187842943628,0.27215837564354106,-0.11604702767256427,0.2732312961117544,0.41173269183271005,0.47234264016825267,0.7288155252362812,-0.44633927678392804,-0.44371284815512574,-0.3009753239857258,-0.5283622494715786,-0.39260073655797517,-0.7820157008848647,1.4281470373865712,-0.35248152836288366,-0.43161846999400133,-0.18779314514221151,-0.37368392894300007,0.10988686799186656,1
0.01384990471093766,-0.5544873301529852,-0.2469390825991673,0.2732312961117544,0.41173269183271005,0.47234264016825267,0.7288155252362812,-0.44633927678392804,-0.44371284815512574,-0.3009753239857258,-0.5283622494715786,-0.39260073655797517,-0.7820157008848647,-0.7002080134759401,-0.23812324514753913,-0.19335312417812453,-0.24762180270423415,-0.10853848852650869,-0.06078440959636888,1
0.6165630289107793,-0.5544873301529852,0.4670175806368492,0.2732312961117544,0.41173269183271005,0.47234264016825267,-1.3720893221584447,-0.44633927678392804,-0.44371284815512574,3.322531517724777,-0.5283622494715786,-0.39260073655797517,-0.7820157008848647,-0.7002080134759401,0.3319636436725862,-0.04347130244773828,0.0787163294522527,0.8334350514964608,0.7333760263436212,1
0.6717721408584136,-0.5544873301529852,1.537952575490874,0.2732312961117544,0.41173269183271005,0.47234264016825267,0.7288155252362812,-0.44633927678392804,-0.44371284815512574,3.322531517724777,-0.5283622494715786,-0.39260073655797517,-0.7820157008848647,-0.7002080134759401,0.3841841605337936,-0.4413446356411042,0.5682235276869829,0.8997233840227676,1.5381182570038616,1
-0.4620624697931504,0.16887041405870412,-0.3064354712021687,0.2732312961117544,0.41173269183271005,0.47234264016825267,0.7288155252362812,-0.44633927678392804,-0.44371284815512574,-0.3009753239857258,-0.5283622494715786,-0.39260073655797517,-0.7820157008848647,1.4281470373865712,-0.36053929357588893,-0.3195251991069081,-0.2748166470506081,-0.3938931721930672,-0.14335063876429482,1
-0.5587193720160116,0.0012839863217169861,-0.3897304152463706,-2.5228356340985316,0.41173269183271005,0.47234264016825267,0.7288155252362812,-0.44633927678392804,2.253709812906728,-0.3009753239857258,1.8926408936295354,-0.39260073655797517,1.2787467040220322,-0.7002080134759401,-0.527892878769076,-0.5088178357966501,0.3017140189478825,-0.873447100216014,-0.26486531719390427,1
-0.3773648114046432,-0.07566896519016486,-0.3897304152463706,0.2732312961117544,0.41173269183271005,0.47234264016825267,0.7288155252362812,-0.44633927678392804,2.253709812906728,-0.3009753239857258,-0.5283622494715786,-0.39260073655797517,-0.7820157008848647,1.4281470373865712,-0.3912207841946399,-0.30166342072193847,-0.3128894291355315,-0.4729462097639905,-0.26486531719390427,1
-0.34853156599578966,-0.3889529811229816,-0.12794630539316454,0.2732312961117544,0.41173269183271005,0.47234264016825267,0.7288155252362812,-0.44633927678392804,2.253709812906728,-0.3009753239857258,-0.5283622494715786,-0.39260073655797517,1.2787467040220322,-0.7002080134759401,-0.5058889814566385,-0.6193802092633379,-0.19323211401148638,-0.8027730925440143,0.09494828640563074,1
-0.3642587907642552,-0.5544873301529852,-0.8895000795115822,0.2732312961117544,-2.428760260810931,-2.1171071907541332,-1.3720893221584447,-0.44633927678392804,-0.44371284815512574,-0.3009753239857258,-0.5283622494715786,-0.39260073655797517,-0.7820157008848647,1.4281470373865712,-0.595764054986313,-0.16987222913208305,-0.5413261216450723,-1.1103339891906239,-1.2019010292098635,0
-0.3883411036909681,-0.055490191238160284,-0.6039174142171756,0.2732312961117544,0.41173269183271005,0.47234264016825267,0.7288155252362812,-0.44633927678392804,-0.44371284815512574,-0.3009753239857258,-0.5283622494715786,-0.39260073655797517,-0.7820157008848647,1.4281470373865712,-0.3924604403812561,-0.10364172043908426,-0.41079086878247756,-0.4762129255492411,-0.6152864248387256,1
-0.2459769544847538,0.015306524152771011,-0.4373275261287717,0.2732312961117544,0.41173269183271005,0.47234264016825267,-1.3720893221584447,-0.44633927678392804,-0.44371284815512574,-0.3009753239857258,1.8926408936295354,-0.39260073655797517,-0.7820157008848647,-0.7002080134759401,-0.22572668328137713,-0.002832547633855045,-0.3346453046126306,-0.08196827091970066,-0.3376983189723734,1
-0.6394852242124025,0.061136281942069534,-0.5087231924523733,0.2732312961117544,-2.428760260810931,-2.1171071907541332,-1.3720893221584447,-0.44633927678392804,-0.44371284815512574,-0.3009753239857258,-0.5283622494715786,-0.39260073655797517,1.2787467040220322,-0.7002080134759401,-0.57716921218707,-0.508256893956505,-0.3672791178282794,-1.0423360150634804,-0.4520707579932488,0
-0.4119319408436664,-0.5544873301529852,-1.1988813002471892,-2.5228356340985316,-2.428760260810931,0.47234264016825267,0.7288155252362812,-0.44633927678392804,2.253709812906728,-0.3009753239857258,1.8926408936295354,-0.39260073655797517,-0.7820157008848647,1.4281470373865712,-0.6408565487744773,0.3453063647626899,-0.43798572672627295,-1.2865071820785885,-2.1154714964752275,0
-0.4338845254163163,-0.5544873301529852,-0.9608957458351838,-0.6587910139583409,0.41173269183271005,0.47234264016825267,-1.3720893221584447,-0.44633927678392804,-0.44371284815512574,-0.3009753239857258,1.8926408936295354,-0.39260073655797517,-0.7820157008848647,-0.7002080134759401,-0.6616207899002987,-0.23367796624514706,-0.5032533419170353,-1.3736877353957666,-1.3793265602954516,0
-0.4756599662075529,6.285775026458735,-0.5087231924523733,0.2732312961117544,0.41173269183271005,0.47234264016825267,-1.3720893221584447,-0.44633927678392804,-0.44371284815512574,-0.3009753239857258,-0.5283622494715786,-0.39260073655797517,1.2787467040220322,-0.7002080134759401,2.3980056356918116,4.439040896640501,-0.3672791178282794,2.4821416411229547,-0.4520707579932488,1
-0.5636341297561571,-0.5544873301529852,-1.1036870784823871,0.2732312961117544,0.41173269183271005,-2.1171071907541332,-1.3720893221584447,-0.44633927678392804,-0.44371284815512574,-0.3009753239857258,1.8926408936295354,-0.39260073655797517,1.2787467040220322,-0.7002080134759401,-0.7843467523753026,-0.3755851980157969,-0.6392275612920184,-1.9958216499423245,-1.7885156335810015,1
0.3338006335944089,-0.5544873301529852,0.5741110801222516,0.2732312961117544,0.41173269183271005,-2.1171071907541332,-1.3720893221584447,-0.44633927678392804,-0.44371284815512574,-0.3009753239857258,-0.5283622494715786,2.5471169737663755,-0.7820157008848647,-0.7002080134759401,0.06450782141014087,-0.3406068344361774,0.1276670492757256,0.4504200169243399,0.8297297272042946,0
-0.14030966307162582,-0.5544873301529852,-0.36593185980517007,0.2732312961117544,0.41173269183271005,-2.1171071907541332,-1.3720893221584447,-0.44633927678392804,-0.44371284815512574,-0.3009753239857258,-0.5283622494715786,-0.39260073655797517,1.2787467040220322,-0.7002080134759401,-0.3839378040982697,-0.3091976065978777,-0.3020114913969819,-0.45387073710315984,-0.22940168825346138,1
-0.5302137771231679,0.2663441526404211,-0.36593185980517007,0.2732312961117544,0.41173269183271005,0.47234264016825267,0.7288155252362812,-0.44633927678392804,-0.44371284815512574,-0.3009753239857258,1.8926408936295354,-0.39260073655797517,-0.7820157008848647,1.4281470373865712,-0.38083866363172925,-0.3045819211124259,-0.3020114913969819,-0.445813233492835,-0.22940168825346138,1
-0.5226778152549447,-0.5544873301529852,-0.9489964681145835,0.2732312961117544,0.41173269183271005,-2.1171071907541332,-1.3720893221584447,-0.44633927678392804,-0.44371284815512574,-0.3009753239857258,1.8926408936295354,-0.39260073655797517,-0.7820157008848647,-0.7002080134759401,-0.7456074965435463,-0.46867309430242776,-0.5685209659914463,-1.775800291548182,-1.3486627152890505,1
0.4745265302205747,-0.5544873301529852,0.07434141585704014,-0.6587910139583409,-2.428760260810931,0.47234264016825267,0.7288155252362812,2.2404481344448155,-0.44371284815512574,-0.3009753239857258,-0.5283622494715786,-0.39260073655797517,1.2787467040220322,-0.7002080134759401,0.19761590444805543,0.09066047233690148,0.06457500488065009,0.6510109762546719,0.3351205302800961,0
12.38462278717314,-0.5544873301529852,2.5493911817418975,0.2732312961117544,-2.428760260810931,0.47234264016825267,0.7288155252362812,-0.44633927678392804,-0.44371284815512574,3.322531517724777,-0.5283622494715786,-0.39260073655797517,-0.7820157008848647,-0.7002080134759401,11.46299150032278,4.61296974847643,1.0305358815753394,4.834264244097453,2.0855718474387963,0
-0.25171083851492354,-0.5544873301529852,-0.9965935789969846,0.2732312961117544,0.41173269183271005,-2.1171071907541332,-1.3720893221584447,2.2404481344448155,-0.44371284815512574,-0.3009753239857258,1.8926408936295354,2.5471169737663755,1.2787467040220322,-0.7002080134759401,-0.4893085799606468,0.29676360572736016,-0.5902768414685453,-0.7512598633635966,-1.4741858622131117,0
0.13966770285866215,-0.5544873301529852,0.16953563762184234,0.2732312961117544,0.41173269183271005,0.47234264016825267,0.7288155252362812,-0.44633927678392804,-0.44371284815512574,-0.3009753239857258,-0.5283622494715786,-0.39260073655797517,-0.7820157008848647,1.4281470373865712,-0.11911625123238385,-0.3208521870695872,-0.057257892279616786,0.13193399268883388,0.43904657575501027,1
0.11345566157788621,-0.5544873301529852,0.8596937454166583,0.2732312961117544,-2.428760260810931,0.47234264016825267,0.7288155252362812,-0.44633927678392804,-0.44371284815512574,-0.3009753239857258,1.8926408936295354,-0.39260073655797517,-0.7820157008848647,-0.7002080134759401,-0.14390937496470788,-0.6164222600495183,0.25820230213832057,0.08436644060063972,1.0664133350413663,0
-0.5161248049347508,0.14082533839659606,-0.4254282484081714,0.2732312961117544,0.41173269183271005,0.47234264016825267,0.7288155252362812,-0.44633927678392804,-0.44371284815512574,-0.3009753239857258,1.8926408936295354,-0.39260073655797517,-0.7820157008848647,-0.7002080134759401,-0.4243815871866233,-0.32447133356437013,-0.32920633574335584,-0.5623969057650318,-0.3192447336033025,1
-0.5331626317672551,0.5526091322646216,0.38372263659264727,0.2732312961117544,-2.428760260810931,-2.1171071907541332,0.7288155252362812,-0.44633927678392804,-0.44371284815512574,-0.3009753239857258,1.8926408936295354,-0.39260073655797517,1.2787467040220322,-0.7002080134759401,-0.2539288615268957,-0.5555092295743617,0.040643547367329266,-0.14298282626417586,0.655154101916611,0
-0.3945664634951524,-0.5544873301529852,-1.0203921344381852,0.2732312961117544,0.41173269183271005,-2.1171071907541332,-1.3720893221584447,-0.44633927678392804,-0.44371284815512574,-0.3009753239857258,-0.5283622494715786,-0.39260073655797517,-0.7820157008848647,1.4281470373865712,-0.6244311043018127,-0.03377591287620682,-0.6011547792070949,-1.220360708367313,-1.5399692207850493,1
-0.45927744040706797,-0.5544873301529852,0.16953563762184234,0.2732312961117544,0.41173269183271005,-2.1171071907541332,-1.3720893221584447,2.2404481344448155,-0.44371284815512574,-0.3009753239857258,-0.5283622494715786,-0.39260073655797517,-0.7820157008848647,1.4281470373865712,-0.6856391285159876,-0.9272955786208923,-0.057257892279616786,-1.4799809210305435,0.43904657575501027,0
-0.6231026984119176,6.285775026458735,1.1095785775492641,0.2732312961117544,0.41173269183271005,0.47234264016825267,0.7288155252362812,-0.44633927678392804,2.253709812906728,-0.3009753239857258,-0.5283622494715786,2.5471169737663755,-0.7820157008848647,1.4281470373865712,2.258544314697489,1.0400378596085367,0.37242064839309086,2.4071835261825165,1.2531286647299555,0
-0.717302221764706,0.3939150455912297,-0.4016296929669709,0.2732312961117544,0.41173269183271005,0.47234264016825267,0.7288155252362812,-0.44633927678392804,-0.44371284815512574,-0.3009753239857258,-0.5283622494715786,-0.39260073655797517,-0.7820157008848647,-0.7002080134759401,-0.5000006145702115,-0.45857685136483517,-0.3183283980048063,-0.7843127569669283,-0.2828311362010103,1
-0.35344632373593515,-0.0698547421870449,-0.09224847223136372,0.2732312961117544,0.41173269183271005,0.47234264016825267,0.7288155252362812,-0.44633927678392804,-0.44371284815512574,-0.3009753239857258,-0.5283622494715786,-0.39260073655797517,1.2787467040220322,-0.7002080134759401,-0.36596278939233484,-0.4617844629408305,-0.17691520740366204,-0.4076218646617915,0.13943966449561124,1
0.06971431769059137,-0.5544873301529852,-0.09224847223136372,0.2732312961117544,0.41173269183271005,0.47234264016825267,0.7288155252362812,-0.44633927678392804,-0.44371284815512574,-0.3009753239857258,-0.5283622494715786,-0.39260073655797517,-0.7820157008848647,-0.7002080134759401,-0.18528290019302357,-0.2375390731893599,-0.17691520740366204,0.002137113131998892,0.13943966449561124,1
-0.439618409446486,-0.5544873301529852,-0.7824065800261797,0.2732312961117544,-2.428760260810931,-2.1171071907541332,-1.3720893221584447,-0.44633927678392804,-0.44371284815512574,-0.3009753239857258,1.8926408936295354,-0.39260073655797517,-0.7820157008848647,1.4281470373865712,-0.6670442857167446,-0.456207223638677,-0.4923754018215993,-1.397157317033541,-0.9617287853353964,0
-0.5870611416508507,0.03343321939779207,-0.5444210256141742,0.2732312961117544,0.41173269183271005,0.47234264016825267,0.7288155252362812,-0.44633927678392804,-0.44371284815512574,-0.3009753239857258,-0.5283622494715786,-0.39260073655797517,-0.7820157008848647,1.4281470373865712,-0.540134483611911,-0.41931633531822826,-0.38359602443610374,-0.9139761564676889,-0.5117562072339227,1
0.30251000931548266,0.015648537270601597,-0.4254282484081714,0.2732312961117544,-2.428760260810931,0.47234264016825267,0.7288155252362812,2.2404481344448155,-0.44371284815512574,-0.3009753239857258,-0.5283622494715786,-0.39260073655797517,-0.7820157008848647,1.4281470373865712,0.2932243878408299,0.7928707259100252,-0.32920633574335584,0.7826659733515352,-0.3192447336033025,0
1.5524967278924848,-0.5544873301529852,-0.5920181364965753,0.2732312961117544,0.41173269183271005,0.47234264016825267,0.7288155252362812,-0.44633927678392804,-0.44371284815512574,-0.3009753239857258,-0.5283622494715786,-0.39260073655797517,1.2787467040220322,-0.7002080134759401,1.2172331179398805,2.755155916395756,-0.4053518999132028,1.7228774985530402,-0.594155590493605,1
-0.4484649733787479,0.9161690765185344,-0.2945361934815684,0.2732312961117544,0.41173269183271005,0.47234264016825267,0.7288155252362812,-0.44633927678392804,-0.44371284815512574,-0.3009753239857258,-0.5283622494715786,-0.39260073655797517,-0.7820157008848647,-0.7002080134759401,-0.009096764670196041,0.1693517121210909,-0.26937767818133324,0.3293068683196712,-0.12656776816830648,1
-0.13064397284933968,-0.5544873301529852,-0.7705073023055794,0.2732312961117544,0.41173269183271005,-2.1171071907541332,-1.3720893221584447,2.2404481344448155,-0.44371284815512574,-0.3009753239857258,1.8926408936295354,-0.39260073655797517,-0.7820157008848647,-0.7002080134759401,-0.37479533972197526,0.15061293751312746,-0.4869364329523245,-0.4302020696207412,-0.9367087503711017,0
0.08707979503910543,-0.5544873301529852,-0.1517448608343651,0.2732312961117544,0.41173269183271005,0.47234264016825267,0.7288155252362812,-0.44633927678392804,2.253709812906728,-0.3009753239857258,-0.5283622494715786,-0.39260073655797517,1.2787467040220322,-0.7002080134759401,-0.1688574557203589,-0.17424258403387569,-0.20411005175003585,0.03522453310297774,0.06473873732769238,1
-0.4068533578455161,-0.5489740784062651,-0.6991116359819778,0.2732312961117544,0.41173269183271005,0.47234264016825267,0.7288155252362812,-0.44633927678392804,-0.44371284815512574,-0.3009753239857258,-0.5283622494715786,-0.39260073655797517,-0.7820157008848647,-0.7002080134759401,-0.633554973705144,-0.46288191976291726,-0.45430261973667585,-1.2568086539007974,-0.7927119559243119,1
-0.44010988522050054,-0.5544873301529852,-1.0203921344381852,-2.5228356340985316,0.41173269183271005,0.47234264016825267,-1.3720893221584447,-0.44633927678392804,-0.44371284815512574,-0.3009753239857258,1.8926408936295354,-0.39260073655797517,-0.7820157008848647,1.4281470373865712,-0.6675091567867256,-0.15674545721586824,-0.2748166651805034,-1.399183022839083,-1.5399692207850493,1
0.527605913814146,-0.5544873301529852,0.05054286041583959,0.2732312961117544,0.41173269183271005,-2.1171071907541332,-1.3720893221584447,2.2404481344448155,-0.44371284815512574,-0.3009753239857258,-0.5283622494715786,2.5471169737663755,1.2787467040220322,-0.7002080134759401,0.24782198000601155,0.1673104082618556,-0.11164758097236467,0.7213210996124854,0.30828978440519506,1
0.17964106581184544,-0.5544873301529852,-0.4849246370111728,0.2732312961117544,-2.428760260810931,0.47234264016825267,-1.3720893221584447,-0.44633927678392804,-0.44371284815512574,-0.3009753239857258,-0.5283622494715786,-0.39260073655797517,-0.7820157008848647,-0.7002080134759401,-0.08130673754058973,0.284390522952254,-0.3564011800897298,0.20218205043325996,-0.41322944521526506,0
1.2241909108507665,-0.5544873301529852,3.0848586791689097,0.2732312961117544,0.41173269183271005,0.47234264016825267,-1.3720893221584447,-0.44633927678392804,-0.44371284815512574,-0.3009753239857258,-0.5283622494715786,-0.39260073655797517,1.2787467040220322,-0.7002080134759401,0.9066992431925223,-0.5147921521737124,1.2752894806927046,1.457270246894322,2.325116383976776,1
-0.48794686055791664,0.24582336557058596,-0.03275208362836234,0.2732312961117544,0.41173269183271005,0.47234264016825267,0.7288155252362812,-0.44633927678392804,-0.44371284815512574,-0.3009753239857258,-0.5283622494715786,-0.39260073655797517,1.2787467040220322,-0.7002080134759401,-0.3501571730129783,-0.47420996152125133,-0.1497203630572881,-0.3678954336806113,0.21150042340687933,1
-0.2708783937014909,-0.5544873301529852,-0.5444210256141742,0.2732312961117544,0.41173269183271005,0.47234264016825267,-1.3720893221584447,-0.44633927678392804,-0.44371284815512574,-0.3009753239857258,-0.5283622494715786,-0.39260073655797517,-0.7820157008848647,1.4281470373865712,-0.5074385516899087,-0.36331653189641533,-0.38359602443610374,-0.8076620787293439,-0.5117562072339227,1
0.7607292559550469,-0.5544873301529852,-0.21124124943736647,-1.5908133240284363,0.41173269183271005,-2.1171071907541332,0.7288155252362812,-0.44633927678392804,-0.44371284815512574,-0.3009753239857258,-0.5283622494715786,-0.39260073655797517,1.2787467040220322,-0.7002080134759401,0.4683258242003683,0.7246240074318696,0.11678909703325971,1.0017403124822313,-0.012803201343461017,1
-0.5696956643023365,0.07857895095142942,-1.1393849116441879,0.2732312961117544,0.41173269183271005,0.47234264016825267,-1.3720893221584447,-0.44633927678392804,-0.44371284815512574,-0.3009753239857258,-0.5283622494715786,-0.39260073655797517,1.2787467040220322,-0.7002080134759401,-0.5032547120600791,0.6462721406833635,-0.6555444678998427,-0.7944915726975462,-1.905067770582251,1
-0.5226778152549447,-0.169722572593576,-0.21124124943736647,0.2732312961117544,0.41173269183271005,0.47234264016825267,0.7288155252362812,-0.44633927678392804,-0.44371284815512574,-0.3009753239857258,-0.5283622494715786,-0.39260073655797517,-0.7820157008848647,1.4281470373865712,-0.571280845300643,-0.6664552630636812,-0.2313048960964098,-1.0213178696972038,-0.012803201343461017,1
0.8211807761588364,-0.5544873301529852,0.49081613607804975,0.2732312961117544,-2.428760260810931,0.47234264016825267,-1.3720893221584447,-0.44633927678392804,-0.44371284815512574,-0.3009753239857258,-0.5283622494715786,2.5471169737663755,-0.7820157008848647,1.4281470373865712,0.5255049658080405,0.1197292092479802,0.08959426719080218,1.067967425098367,0.7551848680986367,0
0.2848168814509589,-0.5544873301529852,-0.09224847223136372,0.2732312961117544,0.41173269183271005,-2.1171071907541332,0.7288155252362812,-0.44633927678392804,-0.44371284815512574,-0.3009753239857258,1.8926408936295354,2.5471169737663755,-0.7820157008848647,-0.7002080134759401,0.018175671435360374,0.014977390570229291,-0.17691520740366204,0.37511919108324393,0.13943966449561124,1
-0.2856226669219274,1.1774670985411022,0.49081613607804975,0.2732312961117544,0.41173269183271005,0.47234264016825267,-1.3720893221584447,-0.44633927678392804,-0.44371284815512574,-0.3009753239857258,-0.5283622494715786,-0.39260073655797517,1.2787467040220322,-0.7002080134759401,0.26331768233871405,-0.1204098580859274,0.08959426719080218,0.7424890818713935,0.7551848680986367,1
0.4091602522766397,0.07242271483047887,0.40752119203384785,0.2732312961117544,0.41173269183271005,0.47234264016825267,0.7288155252362812,-0.44633927678392804,-0.44371284815512574,-0.3009753239857258,-0.5283622494715786,-0.39260073655797517,-0.7820157008848647,-0.7002080134759401,0.4198242758990094,0.07666092370507983,0.051521485105878756,0.9436287488202136,0.6778110824203202,1
-0.11409762179084987,0.12714481368337263,0.026744304974639036,0.2732312961117544,0.41173269183271005,0.47234264016825267,-1.3720893221584447,-0.44633927678392804,-0.44371284815512574,3.322531517724777,1.8926408936295354,-0.39260073655797517,1.2787467040220322,-0.7002080134759401,-0.050315332875184714,-0.15709203431831242,-0.12252551871091416,0.25782339635858903,0.2811012847214943,1
5.294101795465245,-0.5544873301529852,0.07434141585704014,0.2732312961117544,0.41173269183271005,0.47234264016825267,-1.3720893221584447,2.2404481344448155,-0.44371284815512574,-0.3009753239857258,-0.5283622494715786,-0.39260073655797517,1.2787467040220322,-0.7002080134759401,4.756296573705806,5.227409889980713,-0.10076964323381507,3.4308317035114433,0.3351205302800961,1
0.31610750572988516,2.2955079807292877,0.34802480343084646,-0.6587910139583409,0.41173269183271005,0.47234264016825267,0.7288155252362812,-0.44633927678392804,-0.44371284815512574,-0.3009753239857258,-0.5283622494715786,-0.39260073655797517,-0.7820157008848647,-0.7002080134759401,1.3390293382749223,1.0173043158997654,0.21469054483865865,1.8173944626353151,0.6206894966924292,1
-0.3174047669748682,-0.1406514575779762,-0.18744269399616592,0.2732312961117544,0.41173269183271005,0.47234264016825267,0.7288155252362812,2.2404481344448155,-0.44371284815512574,-0.3009753239857258,-0.5283622494715786,2.5471169737663755,-0.7820157008848647,-0.7002080134759401,-0.3639483480890835,-0.4039434179267896,-0.22042695835786022,-0.4025106467928654,0.018568298456255856,1
-0.1231080109811166,-0.5544873301529852,-0.4254282484081714,0.2732312961117544,0.41173269183271005,0.47234264016825267,0.7288155252362812,-0.44633927678392804,2.253709812906728,-0.3009753239857258,1.8926408936295354,-0.39260073655797517,-0.7820157008848647,-0.7002080134759401,-0.3676673166489321,-0.23616487842128475,-0.32920633574335584,-0.41195788114281606,-0.3192447336033025,1
-0.3054455231405142,-0.08387728001809892,-1.0798885230411865,0.2732312961117544,0.41173269183271005,0.47234264016825267,0.7288155252362812,-0.44633927678392804,-0.44371284815512574,-0.3009753239857258,-0.5283622494715786,-0.39260073655797517,-0.7820157008848647,-0.7002080134759401,-0.3269136195139245,1.0131540992209318,-0.6283496235534688,-0.3109924467230063,-1.714358106087577,0
-0.3380467494834793,0.030355101337316795,0.05054286041583959,0.2732312961117544,-2.428760260810931,0.47234264016825267,0.7288155252362812,-0.44633927678392804,2.253709812906728,-0.3009753239857258,-0.5283622494715786,-0.39260073655797517,-0.7820157008848647,-0.7002080134759401,-0.3059944213647761,-0.46505390169391764,-0.11164758097236467,-0.2612450907262738,0.30828978440519506,0
-0.4315909718042484,-0.027103102458221652,0.5265139692398506,0.2732312961117544,0.41173269183271005,0.47234264016825267,-1.3720893221584447,2.2404481344448155,-0.44371284815512574,-0.3009753239857258,1.8926408936295354,2.5471169737663755,1.2787467040220322,-0.7002080134759401,-0.42050766160344766,-0.7563907034941393,0.10591117379862663,-0.5517194589671582,0.7874669238609233,0
-0.5069505904864792,-0.12526086727559982,-0.2469390825991673,0.2732312961117544,-2.428760260810931,0.47234264016825267,0.7288155252362812,-0.44633927678392804,2.253709812906728,-0.3009753239857258,1.8926408936295354,-0.39260073655797517,-0.7820157008848647,-0.7002080134759401,-0.5362605580287354,-0.6018597552243438,-0.24762180270423415,-0.9010534984457959,-0.06078440959636888,0
-0.5644532560461814,-0.05651623059165205,-1.0203921344381852,-0.6587910139583409,0.41173269183271005,0.47234264016825267,0.7288155252362812,-0.44633927678392804,2.253709812906728,-0.3009753239857258,1.8926408936295354,-0.39260073655797517,-0.7820157008848647,1.4281470373865712,-0.5595041115277891,0.1515630766141464,-0.5358871549513851,-0.9799898115337905,-1.5399692207850493,1
-0.2384409926165307,0.03822140304742027,0.03864358269523931,0.2732312961117544,-2.428760260810931,0.47234264016825267,0.7288155252362812,-0.44633927678392804,-0.44371284815512574,-0.3009753239857258,-0.5283622494715786,-0.39260073655797517,-0.7820157008848647,-0.7002080134759401,-0.20821653964542328,-0.3466620833385964,-0.11708654984163941,-0.045081039947607586,0.2947408490651512,0
-0.47844499559363535,0.2889170184172398,-0.6634138028201769,-2.5228356340985316,-2.428760260810931,0.47234264016825267,0.7288155252362812,-0.44633927678392804,-0.44371284815512574,-0.3009753239857258,-0.5283622494715786,-0.39260073655797517,-0.7820157008848647,-0.7002080134759401,-0.32164508072080567,0.10084190679008773,0.05152145791103586,-0.29833594571704053,-0.724355590996497,1
0.27547884174468246,-0.5544873301529852,-0.7348094691437785,0.2732312961117544,0.41173269183271005,0.47234264016825267,-1.3720893221584447,-0.44633927678392804,-0.44371284815512574,-0.3009753239857258,-0.5283622494715786,2.5471169737663755,1.2787467040220322,-0.7002080134759401,0.009343121105719944,0.8799650010957305,-0.4706195263445002,0.36040701438763545,-0.8634395292591737,1
-0.2530214405789623,-0.5544873301529852,-0.5920181364965753,0.2732312961117544,0.41173269183271005,0.47234264016825267,0.7288155252362812,-0.44633927678392804,2.253709812906728,-0.3009753239857258,-0.5283622494715786,-0.39260073655797517,1.2787467040220322,-0.7002080134759401,-0.490548236147263,-0.291713312179692,-0.4053518999132028,-0.7550617324784021,-0.594155590493605,1
-0.1806106765408188,-0.5544873301529852,-0.3302340266433692,0.2732312961117544,0.41173269183271005,0.47234264016825267,0.7288155252362812,-0.44633927678392804,-0.44371284815512574,-0.3009753239857258,-0.5283622494715786,-0.39260073655797517,-0.7820157008848647,1.4281470373865712,-0.4220572318367179,-0.3912062095823477,-0.2856945847891576,-0.555982990314796,-0.17733654659761747,1
-0.2777590545376946,0.32414436955379017,0.3242262479896459,0.2732312961117544,0.41173269183271005,0.47234264016825267,0.7288155252362812,-0.44633927678392804,-0.44371284815512574,-0.3009753239857258,-0.5283622494715786,-0.39260073655797517,-0.7820157008848647,1.4281470373865712,-0.11586215374251632,-0.3956096140752972,0.013448703020955327,0.1380867458972512,0.5973851599921436,0
-0.17192793786656177,-0.5544873301529852,-0.11604702767256427,0.2732312961117544,0.41173269183271005,0.47234264016825267,-1.3720893221584447,-0.44633927678392804,2.253709812906728,-0.3009753239857258,-0.5283622494715786,-0.39260073655797517,-0.7820157008848647,-0.7002080134759401,-0.41384450960038555,-0.5088972640490876,-0.18779314514221151,-0.5334982430162277,0.10988686799186656,1
0.4800965889927396,-0.5544873301529852,0.16953563762184234,0.2732312961117544,0.41173269183271005,0.47234264016825267,0.7288155252362812,-0.44633927678392804,-0.44371284815512574,-0.3009753239857258,-0.5283622494715786,-0.39260073655797517,1.2787467040220322,-0.7002080134759401,0.20288444324117427,0.02383855900361081,-0.057257892279616786,0.6585169102808528,0.43904657575501027,0
-0.5439750987955752,0.8419522299492973,0.16953563762184234,0.2732312961117544,0.41173269183271005,0.47234264016825267,0.7288155252362812,-0.44633927678392804,-0.44371284815512574,-0.3009753239857258,-0.5283622494715786,2.5471169737663755,1.2787467040220322,-0.7002080134759401,-0.1330623833318161,-0.33578104517670354,-0.057257892279616786,0.10532902128841158,0.43904657575501027,1
0.38278438573785895,-0.5544873301529852,-0.21124124943736647,-2.5228356340985316,0.41173269183271005,0.47234264016825267,0.7288155252362812,-0.44633927678392804,-0.44371284815512574,3.322531517724777,-0.5283622494715786,-0.39260073655797517,-0.7820157008848647,1.4281470373865712,0.11083997138492138,0.24627851972383039,0.46488308049365223,0.5227542499398441,-0.012803201343461017,1
-0.39128995833505537,0.1938373716603369,0.08624069357764041,0.2732312961117544,0.41173269183271005,0.47234264016825267,0.7288155252362812,-0.44633927678392804,-0.44371284815512574,-0.3009753239857258,-0.5283622494715786,-0.39260073655797517,-0.7820157008848647,-0.7002080134759401,-0.2822859967957413,-0.4560337045131337,-0.09533067436454032,-0.20644741655972867,0.3484046636891828,1
-0.03480619691650267,-0.5544873301529852,-0.16364413855496537,0.2732312961117544,0.41173269183271005,-2.1171071907541332,-1.3720893221584447,2.2404481344448155,-0.44371284815512574,-0.3009753239857258,1.8926408936295354,-0.39260073655797517,1.2787467040220322,-0.7002080134759401,-0.28414548107566556,-0.314860551457641,-0.20954902061931072,-0.2106866692155015,0.04946445417398542,1
-0.2027270863714735,-0.5544873301529852,-0.5682195810553747,0.2732312961117544,-2.428760260810931,0.47234264016825267,-1.3720893221584447,-0.44633927678392804,-0.44371284815512574,-0.3009753239857258,-0.5283622494715786,-0.39260073655797517,1.2787467040220322,-0.7002080134759401,-0.4429764299858663,-0.23034475994556142,-0.39447396217465325,-0.6145310567710509,-0.5525397120498465,0
0.09772843680942066,-0.5544873301529852,-0.06844991679016317,0.2732312961117544,0.41173269183271005,0.47234264016825267,-1.3720893221584447,-0.44633927678392804,-0.44371284815512574,-0.3009753239857258,-0.5283622494715786,-0.39260073655797517,-0.7820157008848647,-0.7002080134759401,-0.15878524920410228,-0.22113690370980288,-0.16603726966511242,0.05522299468401092,0.16857026372749884,1
-0.4024300758793852,0.01462249791710984,-0.9013993572321825,-2.5228356340985316,-2.428760260810931,0.47234264016825267,0.7288155252362812,-0.44633927678392804,-0.44371284815512574,3.322531517724777,1.8926408936295354,-0.39260073655797517,-0.7820157008848647,1.4281470373865712,-0.3740205546053401,0.3896665319448906,-0.1660372908166569,-0.42821020249138436,-1.2304204768512392,0
1.8493480953972723,-0.5544873301529852,-0.4254282484081714,0.2732312961117544,0.41173269183271005,0.47234264016825267,0.7288155252362812,-0.44633927678392804,-0.44371284815512574,-0.3009753239857258,-0.5283622494715786,-0.39260073655797517,1.2787467040220322,-0.7002080134759401,1.49801524420845,2.6687797115315806,-0.32920633574335584,1.9338763959177363,-0.3192447336033025,1
-0.8508198070386584,0.4431649345588341,-0.5682195810553747,0.2732312961117544,0.41173269183271005,-2.1171071907541332,0.7288155252362812,-0.44633927678392804,2.253709812906728,-0.3009753239857258,1.8926408936295354,-0.39260073655797517,1.2787467040220322,-0.7002080134759401,-0.6039767772226453,-0.5117249496956398,-0.39447396217465325,-1.1411871520508299,-0.5525397120498465,1
-0.17536826828466362,0.28378682164978103,-0.4254282484081714,0.2732312961117544,0.41173269183271005,0.47234264016825267,0.7288155252362812,-0.44633927678392804,-0.44371284815512574,-0.3009753239857258,-0.5283622494715786,-0.39260073655797517,-0.7820157008848647,1.4281470373865712,-0.03729894291571461,0.27823228651056814,-0.32920633574335584,0.2806991747139319,-0.3192447336033025,0
-0.3200259711029458,0.15655794181680302,0.1933341930630429,0.2732312961117544,0.41173269183271005,0.47234264016825267,0.7288155252362812,2.2404481344448155,-0.44371284815512574,-0.3009753239857258,-0.5283622494715786,2.5471169737663755,1.2787467040220322,-0.7002080134759401,-0.23177000719113108,-0.452766771257906,-0.046379954541067296,-0.09487323130938384,0.46422105929097324,1
-0.4505947017328109,-0.04146765340710626,-0.3897304152463706,-2.5228356340985316,-2.428760260810931,0.47234264016825267,0.7288155252362812,2.2404481344448155,-0.44371284815512574,-0.3009753239857258,1.8926408936295354,-0.39260073655797517,-0.7820157008848647,-0.7002080134759401,-0.44499087128911763,-0.38316294683409835,0.3017140189478825,-0.6202688159507008,-0.26486531719390427,0
-0.11671882591892746,-0.5544873301529852,-0.5444210256141742,0.2732312961117544,0.41173269183271005,0.47234264016825267,0.7288155252362812,-0.44633927678392804,-0.44371284815512574,3.322531517724777,-0.5283622494715786,-0.39260073655797517,1.2787467040220322,-0.7002080134759401,-0.3616239927391781,-0.11357333274984684,-0.38359602443610374,-0.39663071180890186,-0.5117562072339227,1
-0.4756599662075529,-0.5544873301529852,-0.6277159696583761,0.2732312961117544,0.41173269183271005,-2.1171071907541332,-1.3720893221584447,-0.44633927678392804,-0.44371284815512574,-0.3009753239857258,-0.5283622494715786,2.5471169737663755,-0.7820157008848647,1.4281470373865712,-0.7011348308486901,-0.6451277072151733,-0.4216688065210272,-1.5519737602736046,-0.6582165845181062,1
0.021058216063151045,1.0351896415235784,0.1933341930630429,0.2732312961117544,0.41173269183271005,0.47234264016825267,-1.3720893221584447,-0.44633927678392804,2.253709812906728,-0.3009753239857258,-0.5283622494715786,-0.39260073655797517,-0.7820157008848647,-0.7002080134759401,0.4889351083028626,0.30919887055031303,-0.046379954541067296,1.0258870030744396,0.46422105929097324,1
1.8219892773104625,-0.20768602867277106,0.05054286041583959,0.2732312961117544,0.41173269183271005,0.47234264016825267,0.7288155252362812,-0.44633927678392804,2.253709812906728,-0.3009753239857258,-0.5283622494715786,2.5471169737663755,-0.7820157008848647,-0.7002080134759401,1.6292638429664401,1.7446824908739753,-0.11164758097236467,2.024763282865075,0.30828978440519506,1
0.21240611741281537,0.04403562605054023,1.0024850780638617,-0.6587910139583409,0.41173269183271005,0.47234264016825267,0.7288155252362812,-0.44633927678392804,2.253709812906728,-0.3009753239857258,-0.5283622494715786,-0.39260073655797517,1.2787467040220322,-0.7002080134759401,0.22085945794710918,-0.3835101005195873,0.5736624882165058,0.6838969219064231,1.175191511934786,1
-0.414553144971744,0.08576122642587172,-0.16364413855496537,0.2732312961117544,-2.428760260810931,0.47234264016825267,0.7288155252362812,-0.44633927678392804,2.253709812906728,-0.3009753239857258,-0.5283622494715786,-0.39260073655797517,1.2787467040220322,-0.7002080134759401,-0.35325631347951875,-0.4045342299425081,-0.20954902061931072,-0.37561748932645417,0.04946445417398542,0
1.845252463947151,0.21504218496583322,-0.711010913702578,0.2732312961117544,0.41173269183271005,0.47234264016825267,0.7288155252362812,2.2404481344448155,-0.44371284815512574,-0.3009753239857258,-0.5283622494715786,2.5471169737663755,1.2787467040220322,-0.7002080134759401,1.8427946211110808,4.479342445563552,-0.4597415886059506,2.1636425608380696,-0.8160162926245993,1
-0.4024300758793852,-0.0062403022705559055,-0.21124124943736647,0.2732312961117544,0.41173269183271005,0.47234264016825267,0.7288155252362812,-0.44633927678392804,2.253709812906728,-0.3009753239857258,-0.5283622494715786,-0.39260073655797517,-0.7820157008848647,1.4281470373865712,-0.38347293302828867,-0.415152822187156,-0.2313048960964098,-0.4526598553405214,-0.012803201343461017,0
-0.17258323889858118,-0.5544873301529852,0.09813997129824069,0.2732312961117544,0.41173269183271005,-2.1171071907541332,-1.3720893221584447,-0.44633927678392804,-0.44371284815512574,-0.3009753239857258,1.8926408936295354,-0.39260073655797517,-0.7820157008848647,-0.7002080134759401,-0.4144643376936937,-0.6088994436164121,-0.08989170549526547,-0.5351856330972904,0.3616028150499546,1
-0.3781839376946674,-0.5544873301529852,-0.3897304152463706,0.2732312961117544,0.41173269183271005,0.47234264016825267,0.7288155252362812,-0.44633927678392804,-0.44371284815512574,3.322531517724777,1.8926408936295354,-0.39260073655797517,-0.7820157008848647,-0.7002080134759401,-0.6089354019691101,-0.6316542973432195,-0.3128894291355315,-1.1600696025079178,-0.26486531719390427,1
-0.5439750987955752,0.5228539910133606,-0.21124124943736647,0.2732312961117544,0.41173269183271005,0.47234264016825267,0.7288155252362812,-0.44633927678392804,-0.44371284815512574,-0.3009753239857258,-0.5283622494715786,-0.39260073655797517,1.2787467040220322,-0.7002080134759401,-0.2776372860959305,-0.2735360176338005,-0.2313048960964098,-0.1958919048747037,-0.012803201343461017,1
0.8894959087468587,-0.5544873301529852,1.0500821889462626,0.2732312961117544,0.41173269183271005,0.47234264016825267,0.7288155252362812,-0.44633927678392804,-0.44371284815512574,-0.3009753239857258,-0.5283622494715786,-0.39260073655797517,1.2787467040220322,-0.7002080134759401,0.59012204453541,-0.1298988825634884,0.34522580404671693,1.1400427430677396,1.2101985050505752,1
0.47993276373473476,-0.5544873301529852,1.192873521593466,0.2732312961117544,0.41173269183271005,0.47234264016825267,0.7288155252362812,-0.44633927678392804,2.253709812906728,-0.3009753239857258,-0.5283622494715786,-0.39260073655797517,1.2787467040220322,-0.7002080134759401,0.20272948621784725,-0.45955164336134496,0.4104934304780143,0.6582965848709662,1.3117518022683154,1
-0.5644532560461814,0.27865662488232223,-0.17554341627556563,0.2732312961117544,0.41173269183271005,0.47234264016825267,0.7288155252362812,2.2404481344448155,-0.44371284815512574,-0.3009753239857258,1.8926408936295354,-0.39260073655797517,-0.7820157008848647,-0.7002080134759401,-0.40764622866730454,-0.46836299277461185,-0.21498798948858547,-0.5167090780487354,0.03407489232129134,1
-0.3041349210764754,-0.5544873301529852,-0.7824065800261797,0.2732312961117544,-2.428760260810931,0.47234264016825267,-1.3720893221584447,-0.44633927678392804,2.253709812906728,-0.3009753239857258,-0.5283622494715786,-0.39260073655797517,-0.7820157008848647,-0.7002080134759401,-0.5388948274252948,-0.18184800401756618,-0.4923754018215993,-0.9098310031804339,-0.9617287853353964,0
2.1181853437832308,-0.5544873301529852,4.215290062625936,0.2732312961117544,0.41173269183271005,0.47234264016825267,0.7288155252362812,2.2404481344448155,-0.44371284815512574,-0.3009753239857258,-0.5283622494715786,-0.39260073655797517,-0.7820157008848647,1.4281470373865712,1.752299719488098,-0.38545097350337815,1.7919915232738088,2.106062387479539,2.7538446847528646,0
-0.13441195378345122,0.15792599428812537,0.16953563762184234,0.2732312961117544,0.41173269183271005,0.47234264016825267,0.7288155252362812,-0.44633927678392804,2.253709812906728,-0.3009753239857258,-0.5283622494715786,2.5471169737663755,1.2787467040220322,-0.7002080134759401,-0.055583871668303565,-0.25284294458161255,-0.057257892279616786,0.2484825215939325,0.43904657575501027,1
-0.4863086079778681,-0.5544873301529852,-0.841902968629181,0.2732312961117544,0.41173269183271005,0.47234264016825267,-1.3720893221584447,-0.44633927678392804,-0.44371284815512574,-0.3009753239857258,-0.5283622494715786,-0.39260073655797517,-0.7820157008848647,1.4281470373865712,-0.7112070373649467,-0.49690218963449523,-0.5195702461679732,-1.6003296588218918,-1.0916521654395093,0
-0.4430587398645879,0.3980192030051967,-0.5920181364965753,0.2732312961117544,0.41173269183271005,0.47234264016825267,-1.3720893221584447,-0.44633927678392804,-0.44371284815512574,-0.3009753239857258,1.8926408936295354,-0.39260073655797517,1.2787467040220322,-0.7002080134759401,-0.23874307324084723,0.15753471399171737,-0.4053518999132028,-0.10987714513873593,-0.594155590493605,1
-0.011543010279814025,-0.1676704938865925,0.47891685835744946,0.2732312961117544,0.41173269183271005,0.47234264016825267,0.7288155252362812,2.2404481344448155,-0.44371284815512574,-0.3009753239857258,1.8926408936295354,-0.39260073655797517,-0.7820157008848647,1.4281470373865712,-0.08688519038036263,-0.4362306704371874,0.08415529832152745,0.19198506656382125,0.7443096035656478,1
-0.28054408392377705,-0.5544873301529852,-0.4254282484081714,0.2732312961117544,0.41173269183271005,0.47234264016825267,-1.3720893221584447,-0.44633927678392804,-0.44371284815512574,-0.3009753239857258,1.8926408936295354,-0.39260073655797517,-0.7820157008848647,-0.7002080134759401,-0.5165810160662032,-0.46802964178878514,-0.32920633574335584,-0.836775096276581,-0.3192447336033025,1
1.9428923177180415,-0.5544873301529852,0.9429886894608602,0.2732312961117544,0.41173269183271005,-2.1171071907541332,-1.3720893221584447,-0.44633927678392804,-0.44371284815512574,-0.3009753239857258,1.8926408936295354,2.5471169737663755,1.2787467040220322,-0.7002080134759401,1.5864957045281813,0.6777078363102831,0.296275084223244,1.9956384689696918,1.1305703164157326,1
-0.2959436581762329,0.18323496500758873,-0.3183347489227689,0.2732312961117544,-2.428760260810931,0.47234264016825267,0.7288155252362812,-0.44633927678392804,-0.44371284815512574,-0.3009753239857258,-0.5283622494715786,-0.39260073655797517,-0.7820157008848647,-0.7002080134759401,-0.19690467694255046,-0.0752773775533277,-0.28025561591988285,-0.02163925002352046,-0.16027278788678725,0
-0.34034030309554714,-0.24222935357366024,-0.4849246370111728,-4.014071330210684,0.41173269183271005,-2.1171071907541332,0.7288155252362812,2.2404481344448155,-0.44371284815512574,-0.3009753239857258,-0.5283622494715786,-0.39260073655797517,1.2787467040220322,-0.7002080134759401,-0.43166456728299346,-0.2871082635052056,1.5200428564238748,-0.5826401505138864,-0.41322944521526506,1
-0.45927744040706797,0.026934970159010935,-0.46112608156997226,0.2732312961117544,0.41173269183271005,0.47234264016825267,0.7288155252362812,-0.44633927678392804,-0.44371284815512574,-0.3009753239857258,1.8926408936295354,-0.39260073655797517,-0.7820157008848647,-0.7002080134759401,-0.4222121888600449,-0.2920052635299687,-0.3455232423511802,-0.5564098884049444,-0.3751141809642585,1
-0.12753129294724755,0.4226441474889989,-0.41352897068757116,-5.132498102294799,0.41173269183271005,0.47234264016825267,0.7288155252362812,-0.44633927678392804,-0.44371284815512574,-0.3009753239857258,-0.5283622494715786,-0.39260073655797517,-0.7820157008848647,1.4281470373865712,0.0708610593665489,0.4303786630605296,17.1842588332996,0.46050893840810214,-0.300956653470836,1
-0.41094898929563733,-0.5544873301529852,-0.6039174142171756,0.2732312961117544,0.41173269183271005,0.47234264016825267,0.7288155252362812,2.2404481344448155,-0.44371284815512574,-0.3009753239857258,-0.5283622494715786,2.5471169737663755,1.2787467040220322,-0.7002080134759401,-0.6399268066345152,-0.5497963006034255,-0.41079086878247756,-1.2826987421517595,-0.6152864248387256,1
0.1440909848247931,0.9558425981868824,0.7526002459312559,0.2732312961117544,-2.428760260810931,0.47234264016825267,-1.3720893221584447,-0.44633927678392804,-0.44371284815512574,-0.3009753239857258,-0.5283622494715786,-0.39260073655797517,-0.7820157008848647,-0.7002080134759401,0.5693578034095886,5.558252484017157e-05,0.20925158231484745,1.1171888690936411,0.9808438317267074,0
-0.7795558198065489,0.7051469828170629,-0.3897304152463706,2.1372759162519452,0.41173269183271005,-2.1171071907541332,-1.3720893221584447,-0.44633927678392804,-0.44371284815512574,-0.3009753239857258,-0.5283622494715786,-0.39260073655797517,-0.7820157008848647,-0.7002080134759401,-0.41787339220688824,-0.3420608803510205,-0.4665402964914844,-0.5444940969890986,-0.26486531719390427,1
-0.36769912118235704,-0.5544873301529852,-0.5444210256141742,0.2732312961117544,0.41173269183271005,-2.1171071907541332,-1.3720893221584447,-0.44633927678392804,-0.44371284815512574,-0.3009753239857258,-0.5283622494715786,-0.39260073655797517,1.2787467040220322,-0.7002080134759401,-0.5990181524761805,-0.5201690618598818,-0.38359602443610374,-1.1224968927200385,-0.5117562072339227,1
-0.08821323102608364,1.3689944445262303,0.7407009682106556,0.2732312961117544,0.41173269183271005,0.47234264016825267,0.7288155252362812,-0.44633927678392804,2.253709812906728,-0.3009753239857258,-0.5283622494715786,-0.39260073655797517,1.2787467040220322,-0.7002080134759401,0.5368168285109134,-0.02020793296292307,0.2038126134455727,1.080790938754298,0.9711106043372506,1
-0.22173081630003605,1.2588662205847816,-0.09224847223136372,0.2732312961117544,0.41173269183271005,0.47234264016825267,0.7288155252362812,2.2404481344448155,-0.44371284815512574,-0.3009753239857258,1.8926408936295354,-0.39260073655797517,-0.7820157008848647,-0.7002080134759401,0.3606306929880858,0.4400051018487457,-0.17691520740366204,0.8701206723892987,0.13943966449561124,0
-0.26039357718918055,-0.04728187641022622,-0.2588383603197676,-0.6587910139583409,0.41173269183271005,0.47234264016825267,0.7288155252362812,-0.44633927678392804,-0.44371284815512574,-0.3009753239857258,1.8926408936295354,-0.39260073655797517,1.2787467040220322,-0.7002080134759401,-0.2677200366030009,-0.22483664137831086,-0.11817434811170853,-0.17357424769586918,-0.07703236222851359,1
-0.31019645562265485,0.9558425981868824,1.157175688431665,0.2732312961117544,0.41173269183271005,0.47234264016825267,0.7288155252362812,-0.44633927678392804,2.253709812906728,-0.3009753239857258,-0.5283622494715786,-0.39260073655797517,-0.7820157008848647,-0.7002080134759401,0.13966197772374805,-0.492904698456111,0.39417652387019003,0.5663549956249176,1.2868336844484365,1
2.5277484887953547,1.7257141264235314,3.9773045082139302,0.2732312961117544,0.41173269183271005,0.47234264016825267,0.7288155252362812,-0.44633927678392804,-0.44371284815512574,-0.3009753239857258,-0.5283622494715786,-0.39260073655797517,-0.7820157008848647,1.4281470373865712,3.172790752326937,0.1619582058834613,1.6832121458883131,2.8506188277214637,2.67077383847566,1
-0.2982372117883008,-0.5544873301529852,-0.5920181364965753,0.2732312961117544,0.41173269183271005,0.47234264016825267,-1.3720893221584447,-0.44633927678392804,-0.44371284815512574,-0.3009753239857258,-0.5283622494715786,-0.39260073655797517,-0.7820157008848647,1.4281470373865712,-0.533316374585522,-0.36801636154788225,-0.4053518999132028,-0.8912927423816843,-0.594155590493605,0
-0.4791002966256548,0.47599819387057035,0.50271541379865,0.2732312961117544,0.41173269183271005,0.47234264016825267,0.7288155252362812,-0.44633927678392804,-0.44371284815512574,-0.3009753239857258,-0.5283622494715786,2.5471169737663755,-0.7820157008848647,1.4281470373865712,-0.23750341705423103,-0.5832612715736986,0.09503323606007694,-0.10720080707853388,0.7660024386492361,1
1.2874274604406384,-0.5544873301529852,-1.2583776888501907,0.2732312961117544,0.41173269183271005,-2.1171071907541332,-1.3720893221584447,2.2404481344448155,-0.44371284815512574,-0.3009753239857258,-0.5283622494715786,-0.39260073655797517,-0.7820157008848647,1.4281470373865712,0.9665126541967539,7.440825369134182,-0.7099341565925906,1.511506218379242,-2.3501102029878447,1
-0.29577983291822807,-0.11431644750502108,-0.5444210256141742,0.2732312961117544,0.41173269183271005,0.47234264016825267,-1.3720893221584447,-0.44633927678392804,-0.44371284815512574,-0.3009753239857258,1.8926408936295354,-0.39260073655797517,-0.7820157008848647,-0.7002080134759401,-0.33156233021373527,-0.06208536183121302,-0.38359602443610374,-0.3222328539475466,-0.5117562072339227,0
0.10837707857973587,0.13090695797950908,1.2404706324758672,0.2732312961117544,0.41173269183271005,0.47234264016825267,0.7288155252362812,2.2404481344448155,-0.44371284815512574,-0.3009753239857258,-0.5283622494715786,-0.39260073655797517,1.2787467040220322,-0.7002080134759401,0.16182083205951264,-0.5019624393033232,0.43224930595511346,0.5991859262845083,1.3445092499668658,1
-0.3473847891897557,0.14150936463225725,0.026744304974639036,0.2732312961117544,0.41173269183271005,0.47234264016825267,0.7288155252362812,-0.44633927678392804,2.253709812906728,-0.3009753239857258,-0.5283622494715786,-0.39260073655797517,-0.7820157008848647,1.4281470373865712,-0.2644659391131334,-0.4049200439217045,-0.12252551871091416,-0.1663099743707932,0.2811012847214943,1
-0.5362753116693473,1.725372113305701,-0.9013993572321825,-2.5228356340985316,0.41173269183271005,0.47234264016825267,0.7288155252362812,-0.44633927678392804,-0.44371284815512574,-0.3009753239857258,-0.5283622494715786,-0.39260073655797517,1.2787467040220322,-0.7002080134759401,0.27447458801825986,1.9763907518252137,-0.1660372908166569,0.7575803382636982,-1.2304204768512392,0
0.06742076407852347,0.6993327598139429,1.966326573432484,0.2732312961117544,0.41173269183271005,0.47234264016825267,-1.3720893221584447,-0.44633927678392804,-0.44371284815512574,-0.3009753239857258,-0.5283622494715786,-0.39260073655797517,-0.7820157008848647,-0.7002080134759401,0.38062014899727203,-0.5494818374283479,0.7640264069808751,0.8952745538160118,1.788117542869099,0
-0.3174047669748682,0.6179336377702636,0.05054286041583959,0.2732312961117544,0.41173269183271005,0.47234264016825267,0.7288155252362812,-0.44633927678392804,-0.44371284815512574,3.322531517724777,-0.5283622494715786,-0.39260073655797517,-0.7820157008848647,-0.7002080134759401,-0.020253670349741848,-0.13878647372568997,-0.11164758097236467,0.3102309857498917,0.30828978440519506,1
-0.5524940122118274,0.003678078146531088,-0.3897304152463706,2.1372759162519452,0.41173269183271005,-2.1171071907541332,0.7288155252362812,-0.44633927678392804,2.253709812906728,-0.3009753239857258,-0.5283622494715786,-0.39260073655797517,1.2787467040220322,-0.7002080134759401,-0.5209198127193599,-0.4982487329867159,-0.4665402964914844,-0.8507546253318578,-0.26486531719390427,1
-0.3816242681127693,0.061136281942069534,-0.2707376380403678,0.2732312961117544,-2.428760260810931,0.47234264016825267,0.7288155252362812,-0.44633927678392804,-0.44371284815512574,-0.3009753239857258,1.8926408936295354,-0.39260073655797517,1.2787467040220322,-0.7002080134759401,-0.3332668574703325,-0.30689163420205756,-0.25849974044278373,-0.32637163725713597,-0.09341082190198383,0
-0.11802942798296626,0.10046779049258692,0.4670175806368492,0.2732312961117544,0.41173269183271005,0.47234264016825267,-1.3720893221584447,-0.44633927678392804,-0.44371284815512574,-0.3009753239857258,-0.5283622494715786,-0.39260073655797517,1.2787467040220322,-0.7002080134759401,-0.06612094925454128,-0.4120213257616396,0.0787163294522527,0.22965700700815037,0.7333760263436212,0
-0.3282172340031883,-0.5544873301529852,-0.6039174142171756,0.2732312961117544,0.41173269183271005,-2.1171071907541332,-1.3720893221584447,-0.44633927678392804,-0.44371284815512574,-0.3009753239857258,1.8926408936295354,-0.39260073655797517,-0.7820157008848647,-0.7002080134759401,-0.5616735098543675,-0.408714232361101,-0.41079086878247756,-0.9875333167933067,-0.6152864248387256,0
-0.5261181456730466,0.041299521107895545,-1.1988813002471892,0.2732312961117544,0.41173269183271005,0.47234264016825267,0.7288155252362812,-0.44633927678392804,2.253709812906728,-0.3009753239857258,1.8926408936295354,-0.39260073655797517,1.2787467040220322,-0.7002080134759401,-0.4789264593977361,0.9616285071889853,-0.6827393122462166,-0.7197244881982329,-2.1154714964752275,1
-0.4756599662075529,-0.5544873301529852,-1.0798885230411865,0.2732312961117544,0.41173269183271005,0.47234264016825267,-1.3720893221584447,-0.44633927678392804,-0.44371284815512574,-0.3009753239857258,-0.5283622494715786,-0.39260073655797517,1.2787467040220322,-0.7002080134759401,-0.7011348308486901,-0.152201473365265,-0.6283496235534688,-1.5519737602736046,-1.714358106087577,1
0.044812878473854234,-0.0674606503622308,-0.5444210256141742,0.2732312961117544,0.41173269183271005,0.47234264016825267,0.7288155252362812,-0.44633927678392804,-0.44371284815512574,3.322531517724777,-0.5283622494715786,2.5471169737663755,-0.7820157008848647,-0.7002080134759401,0.011822433478952345,0.5260452750537984,-0.38359602443610374,0.36454866176273687,-0.5117562072339227,1
0.41686003940286764,1.8963786722209939,3.9773045082139302,0.2732312961117544,0.41173269183271005,0.47234264016825267,0.7288155252362812,-0.44633927678392804,2.253709812906728,-0.3009753239857258,-0.5283622494715786,2.5471169737663755,-0.7820157008848647,-0.7002080134759401,1.2534930613984043,-0.5228893652990502,1.6832121458883131,1.7515282129451457,2.67077383847566,1
-0.11852090375698081,0.15929404675944772,-0.21124124943736647,0.2732312961117544,0.41173269183271005,0.47234264016825267,-1.3720893221584447,-0.44633927678392804,-0.44371284815512574,-0.3009753239857258,-0.5283622494715786,-0.39260073655797517,1.2787467040220322,-0.7002080134759401,-0.039933212312274036,0.044531593178567135,-0.2313048960964098,0.2760924968533157,-0.012803201343461017,0
1.9817189038651908,-0.5544873301529852,3.0253622905659086,0.2732312961117544,0.41173269183271005,0.47234264016825267,0.7288155252362812,-0.44633927678392804,2.253709812906728,-0.3009753239857258,-0.5283622494715786,2.5471169737663755,-0.7820157008848647,-0.7002080134759401,1.6232205190566862,-0.19744024984159006,1.2480946363463306,2.0206757389876473,2.2998483126094906,1
-0.2667827622513697,-0.5544873301529852,-0.4254282484081714,0.2732312961117544,0.41173269183271005,0.47234264016825267,0.7288155252362812,-0.44633927678392804,-0.44371284815512574,-0.3009753239857258,-0.5283622494715786,-0.39260073655797517,1.2787467040220322,-0.7002080134759401,-0.5035646261067331,-0.4477625865100442,-0.32920633574335584,-0.7954639328613868,-0.3192447336033025,1
-0.019406622664046805,-0.06540857165524729,0.1814349153424426,0.2732312961117544,-2.428760260810931,0.47234264016825267,0.7288155252362812,2.2404481344448155,-0.44371284815512574,-0.3009753239857258,1.8926408936295354,-0.39260073655797517,1.2787467040220322,-0.7002080134759401,-0.04799097752527934,-0.2516333872562645,-0.05181892341034204,0.26192931323619706,0.45167266728134464,1
-0.44633524502468486,-0.10918625073756229,-0.6158166919377758,0.2732312961117544,0.41173269183271005,0.47234264016825267,-1.3720893221584447,2.2404481344448155,-0.44371284815512574,-0.3009753239857258,1.8926408936295354,-0.39260073655797517,1.2787467040220322,-0.7002080134759401,-0.4716434793013659,-0.2345683775283801,-0.4162298376517524,-0.6979214785058743,-0.6366385284875709,1
0.2260036138272179,-0.5544873301529852,-0.18744269399616592,0.2732312961117544,0.41173269183271005,0.47234264016825267,-1.3720893221584447,-0.44633927678392804,-0.44371284815512574,-0.3009753239857258,1.8926408936295354,-0.39260073655797517,1.2787467040220322,-0.7002080134759401,-0.037453899939041635,0.02621184467854167,-0.22042695835786022,0.28042851333434027,0.018568298456255856,1
-0.717302221764706,1.3265848179152375,0.8358951899754578,0.2732312961117544,0.41173269183271005,0.47234264016825267,0.7288155252362812,-0.44633927678392804,-0.44371284815512574,-0.3009753239857258,-0.5283622494715786,-0.39260073655797517,-0.7820157008848647,-0.7002080134759401,-0.07743281195741411,-0.5568387163050773,0.24732436439977087,0.2092301212892514,1.047705797711511,1
-0.1838871817009158,-0.5544873301529852,-0.5444210256141742,0.2732312961117544,0.41173269183271005,0.47234264016825267,0.7288155252362812,-0.44633927678392804,-0.44371284815512574,3.322531517724777,-0.5283622494715786,-0.39260073655797517,-0.7820157008848647,1.4281470373865712,-0.4251563723032584,-0.22238811665005198,-0.38359602443610374,-0.5645398656610595,-0.5117562072339227,1
-0.2974180854982766,-0.5544873301529852,-0.4254282484081714,0.2732312961117544,-2.428760260810931,0.47234264016825267,-1.3720893221584447,-0.44633927678392804,2.253709812906728,-0.3009753239857258,-0.5283622494715786,-0.39260073655797517,-0.7820157008848647,-0.7002080134759401,-0.5325415894688867,-0.49288091195200306,-0.32920633574335584,-0.8887327222730579,-0.3192447336033025,0
0.957811041334881,-0.5544873301529852,0.5979096355634522,0.2732312961117544,0.41173269183271005,0.47234264016825267,-1.3720893221584447,2.2404481344448155,-0.44371284815512574,-0.3009753239857258,-0.5283622494715786,-0.39260073655797517,1.2787467040220322,-0.7002080134759401,0.6547391232627794,0.16477918384520224,0.1385449870142753,1.2093956074682621,0.8505371247549427,0
2.0906627004384157,-0.5544873301529852,-0.2469390825991673,0.2732312961117544,0.41173269183271005,-2.1171071907541332,-1.3720893221584447,-0.44633927678392804,-0.44371284815512574,-0.3009753239857258,1.8926408936295354,2.5471169737663755,-0.7820157008848647,1.4281470373865712,1.7262669395691579,2.4982469599034354,-0.24762180270423415,2.0891582266128252,-0.06078440959636888,1
-0.46746870330731044,0.14390345645707134,-0.23503980487856702,0.2732312961117544,0.41173269183271005,0.47234264016825267,-1.3720893221584447,-0.44633927678392804,-0.44371284815512574,-0.3009753239857258,1.8926408936295354,-0.39260073655797517,-0.7820157008848647,-0.7002080134759401,-0.3769647380485536,-0.3913311581990145,-0.2421828338349594,-0.4357908195370804,-0.04466490062062163,1
0.11951719612406565,0.7814159080932835,2.1210171838002876,0.2732312961117544,0.41173269183271005,0.47234264016825267,0.7288155252362812,-0.44633927678392804,-0.44371284815512574,-0.3009753239857258,-0.5283622494715786,-0.39260073655797517,-0.7820157008848647,1.4281470373865712,0.4670861680137521,-0.5362372886639284,0.8347330022814472,1.0002777061711348,1.871357968527371,1
-0.29266715301613594,-0.5544873301529852,-0.46112608156997226,0.2732312961117544,0.41173269183271005,0.47234264016825267,-1.3720893221584447,-0.44633927678392804,2.253709812906728,-0.3009753239857258,-0.5283622494715786,-0.39260073655797517,1.2787467040220322,-0.7002080134759401,-0.5280478357924031,-0.4614160177812771,-0.3455232423511802,-0.8739545762801789,-0.3751141809642585,1
-0.40734483361953067,-0.3711682989957912,-0.9489964681145835,0.2732312961117544,0.41173269183271005,0.47234264016825267,0.7288155252362812,-0.44633927678392804,-0.44371284815512574,-0.3009753239857258,1.8926408936295354,-0.39260073655797517,-0.7820157008848647,-0.7002080134759401,-0.5534607876180352,0.029960775192394817,-0.5685209659914463,-0.9591377071559176,-1.3486627152890505,0
0.16604356939744294,-0.5544873301529852,0.1338378044600415,-2.5228356340985316,0.41173269183271005,0.47234264016825267,0.7288155252362812,-0.44633927678392804,-0.44371284815512574,3.322531517724777,-0.5283622494715786,-0.39260073655797517,-0.7820157008848647,-0.7002080134759401,-0.09416817047673282,-0.27380673940587624,0.7803432661488068,0.1785865440386146,0.4006923302829311,1
-0.13031632233333,0.4185399900750319,-0.06844991679016317,-2.5228356340985316,0.41173269183271005,-2.1171071907541332,0.7288155252362812,2.2404481344448155,-0.44371284815512574,-0.3009753239857258,-0.5283622494715786,-0.39260073655797517,1.2787467040220322,-0.7002080134759401,0.06636730569006517,0.05431237420721087,0.595418329730268,0.45337861390135953,0.16857026372749884,1
-0.5349647096053085,-0.5544873301529852,-0.5563203033347744,0.2732312961117544,-2.428760260810931,-2.1171071907541332,-1.3720893221584447,-0.44633927678392804,-0.44371284815512574,-0.3009753239857258,-0.5283622494715786,-0.39260073655797517,1.2787467040220322,-0.7002080134759401,-0.7572292732930732,-0.7854128055743385,-0.3890349933053785,-1.8390836776396755,-0.532045999180452,0
-0.2869332689859662,-0.5544873301529852,-0.6039174142171756,0.2732312961117544,0.41173269183271005,-2.1171071907541332,-1.3720893221584447,2.2404481344448155,-0.44371284815512574,-0.3009753239857258,-0.5283622494715786,-0.39260073655797517,1.2787467040220322,-0.7002080134759401,-0.5226243399759571,-0.33831288345602006,-0.41079086878247756,-0.8562758330969975,-0.6152864248387256,1
-0.5184183585468186,0.3087537792514138,-0.21124124943736647,0.2732312961117544,0.41173269183271005,0.47234264016825267,0.7288155252362812,2.2404481344448155,-0.44371284815512574,-0.3009753239857258,1.8926408936295354,-0.39260073655797517,-0.7820157008848647,1.4281470373865712,-0.3504670870596323,-0.37098828431034087,-0.2313048960964098,-0.3686661796002171,-0.012803201343461017,1
-0.3909623078190457,-0.32773263303130673,-0.5206224701729736,0.2732312961117544,0.41173269183271005,-2.1171071907541332,0.7288155252362812,-0.44633927678392804,-0.44371284815512574,-0.3009753239857258,1.8926408936295354,-0.39260073655797517,1.2787467040220322,-0.7002080134759401,-0.5182855433228005,-0.40104523318851587,-0.37271808669755413,-0.842254368859921,-0.47177243074140923,1
-0.4317547970622532,0.11243824961665744,0.11003924901884096,0.2732312961117544,0.41173269183271005,0.47234264016825267,0.7288155252362812,-0.44633927678392804,-0.44371284815512574,-0.3009753239857258,-0.5283622494715786,-0.39260073655797517,-0.7820157008848647,-0.7002080134759401,-0.35744015310934846,-0.5507244984767093,-0.08445273662599073,-0.3860940433467333,0.3747160902523562,1
-0.33509789483939195,-0.5544873301529852,-0.7824065800261797,-4.759689178266761,0.41173269183271005,0.47234264016825267,-1.3720893221584447,-0.44633927678392804,-0.44371284815512574,-0.3009753239857258,1.8926408936295354,-0.39260073655797517,1.2787467040220322,-0.7002080134759401,-0.5681817048341026,-0.24454920414863018,3.4236810962627704,-1.0103515658213105,-0.9617287853353964,0
-0.47140050949942686,0.05532205893894957,-0.00895352818716179,0.2732312961117544,0.41173269183271005,0.47234264016825267,-1.3720893221584447,-0.44633927678392804,-0.44371284815512574,-0.3009753239857258,-0.5283622494715786,-0.39260073655797517,-0.7820157008848647,-0.7002080134759401,-0.4208175756501017,-0.5698724092384576,-0.1388424253187385,-0.5525713736781034,0.23962648679576132,1
-0.06609682119542894,-0.5544873301529852,-0.5087231924523733,0.2732312961117544,-2.428760260810931,-2.1171071907541332,-1.3720893221584447,-0.44633927678392804,-0.44371284815512574,-0.3009753239857258,-0.5283622494715786,-0.39260073655797517,1.2787467040220322,-0.7002080134759401,-0.31374227253112735,-0.07021490208072834,-0.3672791178282794,-0.2795132689130268,-0.4520707579932488,0
-0.4289697676761708,0.1350111153934761,-0.4254282484081714,0.2732312961117544,0.41173269183271005,0.47234264016825267,0.7288155252362812,-0.44633927678392804,-0.44371284815512574,-0.3009753239857258,-0.5283622494715786,-0.39260073655797517,-0.7820157008848647,-0.7002080134759401,-0.34457872017320534,-0.20021498274828,-0.32920633574335584,-0.35407704143375146,-0.3192447336033025,1
0.20142982512649044,-0.5544873301529852,-0.21124124943736647,0.2732312961117544,-2.428760260810931,0.47234264016825267,0.7288155252362812,-0.44633927678392804,2.253709812906728,-0.3009753239857258,-0.5283622494715786,2.5471169737663755,-0.7820157008848647,-0.7002080134759401,-0.0606974534380954,0.016747329913340853,-0.2313048960964098,0.2393707112772878,-0.012803201343461017,0
-0.47697056827159173,0.25779382469465645,-0.21124124943736647,0.2732312961117544,0.41173269183271005,0.47234264016825267,0.7288155252362812,2.2404481344448155,-0.44371284815512574,-0.3009753239857258,1.8926408936295354,-0.39260073655797517,-0.7820157008848647,-0.7002080134759401,-0.3343515566336217,-0.3494243784925532,-0.2313048960964098,-0.3290102736314058,-0.012803201343461017,1
-0.3391935262895132,0.5570553027964192,0.1457370821806418,0.2732312961117544,0.41173269183271005,0.47234264016825267,0.7288155252362812,2.2404481344448155,-0.44371284815512574,-0.3009753239857258,-0.5283622494715786,-0.39260073655797517,-0.7820157008848647,1.4281470373865712,-0.06844530460444664,-0.2527883532889624,-0.06813583001816638,0.22547820949856243,0.41355740303033994,1
-0.483195928075776,0.24342927374577186,0.41942046975444813,0.2732312961117544,-2.428760260810931,0.47234264016825267,0.7288155252362812,-0.44633927678392804,-0.44371284815512574,-0.3009753239857258,1.8926408936295354,-0.39260073655797517,-0.7820157008848647,1.4281470373865712,-0.3467481184997837,-0.6566515970918468,0.0569604539751535,-0.3594385113052782,0.6890458616202458,0
-0.2965989592082523,0.9045406305122945,-0.16364413855496537,-2.5228356340985316,-2.428760260810931,0.47234264016825267,0.7288155252362812,-0.44633927678392804,-0.44371284815512574,-0.3009753239857258,-0.5283622494715786,-0.39260073655797517,-0.7820157008848647,-0.7002080134759401,0.12927985716083737,0.22157302297649656,0.5083948302391907,0.5507683761089051,0.04946445417398542,0
0.010573399550840669,-0.2015297925518205,-1.4249675769385945,0.2732312961117544,0.41173269183271005,0.47234264016825267,0.7288155252362812,2.2404481344448155,-0.44371284815512574,-0.3009753239857258,-0.5283622494715786,-0.39260073655797517,1.2787467040220322,-0.7002080134759401,-0.08130673754058973,5.27647220864168,-0.7860797207624375,0.20218205043325996,-3.2019170861977444,1
-0.44830114812074306,0.0012839863217169861,-0.7348094691437785,0.2732312961117544,0.41173269183271005,-2.1171071907541332,-1.3720893221584447,-0.44633927678392804,-0.44371284815512574,-0.3009753239857258,-0.5283622494715786,-0.39260073655797517,-0.7820157008848647,1.4281470373865712,-0.4234518450466611,-0.0024963393349525915,-0.4706195263445002,-0.559828650624006,-0.8634395292591737,1
0.7758011796914931,-0.5544873301529852,1.3594634096818698,0.2732312961117544,0.41173269183271005,0.47234264016825267,0.7288155252362812,-0.44633927678392804,-0.44371284815512574,3.322531517724777,-0.5283622494715786,2.5471169737663755,1.2787467040220322,-0.7002080134759401,0.48258187034645456,-0.3236082590719255,0.48663899464786137,1.0184770833512278,1.4241720082377487,1
-0.24843433335482654,0.35834568133684874,0.1933341930630429,0.2732312961117544,0.41173269183271005,0.47234264016825267,0.7288155252362812,-0.44633927678392804,-0.44371284815512574,-0.3009753239857258,-0.5283622494715786,-0.39260073655797517,1.2787467040220322,-0.7002080134759401,-0.07262914423427633,-0.28451505890851,-0.046379954541067296,0.2179323260522573,0.46422105929097324,1
-0.20043353275940562,0.23419491956434604,0.43131974747504837,0.2732312961117544,0.41173269183271005,-2.1171071907541332,0.7288155252362812,-0.44633927678392804,-0.44371284815512574,-0.3009753239857258,-0.5283622494715786,-0.39260073655797517,1.2787467040220322,-0.7002080134759401,-0.08347613586716808,-0.41275124101410704,0.062399422844428246,0.19822328238153336,0.7002190800772985,1
-0.28316528805185465,-0.4717201556379834,-0.44922680384937197,0.2732312961117544,0.41173269183271005,0.47234264016825267,0.7288155252362812,-0.44633927678392804,2.253709812906728,-0.3009753239857258,1.8926408936295354,-0.39260073655797517,1.2787467040220322,-0.7002080134759401,-0.4815607287942955,-0.3960002787380746,-0.34008427348190545,-0.7276748727428893,-0.3563204325672111,1
2.306748215746812,-0.5544873301529852,5.405217834685963,0.2732312961117544,0.41173269183271005,-2.1171071907541332,0.7288155252362812,2.2404481344448155,-0.44371284815512574,-0.3009753239857258,-0.5283622494715786,2.5471169737663755,1.2787467040220322,-0.7002080134759401,1.930655253337504,-0.49672515448344134,2.335888410201287,2.2178705623661656,3.124939437458846,1
0.08511389194304723,0.14800761387103836,0.7763988013724563,0.2732312961117544,0.41173269183271005,0.47234264016825267,0.7288155252362812,-0.44633927678392804,-0.44371284815512574,-0.3009753239857258,-0.5283622494715786,-0.39260073655797517,-0.7820157008848647,-0.7002080134759401,0.1475647859134263,-0.35520348227794646,0.22012952005339692,0.5781313841096511,1.000172007401478,1
0.06496338520845074,-0.5544873301529852,-0.16364413855496537,0.2732312961117544,0.41173269183271005,0.47234264016825267,-1.3720893221584447,-0.44633927678392804,-0.44371284815512574,-0.3009753239857258,1.8926408936295354,2.5471169737663755,1.2787467040220322,-0.7002080134759401,-0.1897766538695073,-0.19241375729332702,-0.20954902061931072,-0.007019945078243629,0.04946445417398542,1
0.5562753339649946,-0.5544873301529852,1.3356648542406693,0.2732312961117544,-2.428760260810931,0.47234264016825267,0.7288155252362812,-0.44633927678392804,2.253709812906728,-0.3009753239857258,-0.5283622494715786,-0.39260073655797517,-0.7820157008848647,1.4281470373865712,0.27493945908824097,-0.4534296837789602,0.47576105690931164,0.7582064570831444,1.4084864903813301,0
-0.15341568371201378,-0.5544873301529852,-0.3064354712021687,0.2732312961117544,0.41173269183271005,0.47234264016825267,0.7288155252362812,-0.44633927678392804,-0.44371284815512574,-0.3009753239857258,1.8926408936295354,-0.39260073655797517,-0.7820157008848647,-0.7002080134759401,-0.3963343659644317,-0.370615068009112,-0.2748166470506081,-0.4864590302849014,-0.14335063876429482,1
-0.3391935262895132,-0.5544873301529852,-0.9013993572321825,0.2732312961117544,0.41173269183271005,0.47234264016825267,-1.3720893221584447,-0.44633927678392804,-0.44371284815512574,-0.3009753239857258,-0.5283622494715786,-0.39260073655797517,-0.7820157008848647,1.4281470373865712,-0.5720556304172781,-0.0948815093949071,-0.5467650905143472,-1.0240697091549547,-1.2304204768512392,1
-0.3282172340031883,0.30054546442347974,-0.2707376380403678,0.2732312961117544,-2.428760260810931,0.47234264016825267,0.7288155252362812,-0.44633927678392804,-0.44371284815512574,3.322531517724777,-0.5283622494715786,-0.39260073655797517,-0.7820157008848647,-0.7002080134759401,-0.17428095153680478,-0.08550759619043405,-0.25849974044278373,0.024365234001657618,-0.09341082190198383,0
-0.49564664768414457,-0.5544873301529852,-1.627255298188799,0.2732312961117544,0.41173269183271005,-2.1171071907541332,-1.3720893221584447,-0.44633927678392804,-0.44371284815512574,-0.3009753239857258,-0.5283622494715786,-0.39260073655797517,-0.7820157008848647,1.4281470373865712,-0.7200395876945871,5.65392750365846,-0.8785421915401087,-1.6438080019221817,-5.227263993982619,0
-0.3665523443763231,0.15142774504934423,-0.49682391473177306,0.2732312961117544,-2.428760260810931,0.47234264016825267,0.7288155252362812,-0.44633927678392804,-0.44371284815512574,-0.3009753239857258,-0.5283622494715786,-0.39260073655797517,-0.7820157008848647,1.4281470373865712,-0.2781021571659116,-0.02390831244021472,-0.36184014895900457,-0.19694472982079414,-0.43255762089003547,0
-0.32543220461710587,0.04403562605054023,0.47891685835744946,0.2732312961117544,0.41173269183271005,0.47234264016825267,0.7288155252362812,2.2404481344448155,-0.44371284815512574,-0.3009753239857258,-0.5283622494715786,-0.39260073655797517,-0.7820157008848647,1.4281470373865712,-0.28786444963551416,-0.6212985713604233,0.08415529832152745,-0.21919464795577362,0.7443096035656478,1
-0.04709309126686639,-0.05822629618080497,0.2290320262248437,0.2732312961117544,-2.428760260810931,0.47234264016825267,0.7288155252362812,-0.44633927678392804,-0.44371284815512574,-0.3009753239857258,-0.5283622494715786,-0.39260073655797517,-0.7820157008848647,1.4281470373865712,-0.07092461697767904,-0.3022740505357194,-0.030063047933242954,0.2210103189087758,0.5014094565867142,0
1.8450886386891463,-0.5544873301529852,1.537952575490874,0.2732312961117544,0.41173269183271005,0.47234264016825267,0.7288155252362812,-0.44633927678392804,2.253709812906728,-0.3009753239857258,-0.5283622494715786,-0.39260073655797517,-0.7820157008848647,1.4281470373865712,1.4939863616019473,0.24985849685298836,0.5682235276869829,1.931014053893991,1.5381182570038616,1
0.11820659406002686,0.0012839863217169861,0.49081613607804975,2.1372759162519452,0.41173269183271005,0.47234264016825267,0.7288155252362812,-0.44633927678392804,2.253709812906728,-0.3009753239857258,1.8926408936295354,-0.39260073655797517,1.2787467040220322,-0.7002080134759401,0.11238954161819163,-0.25864594058192375,-0.16467752215046488,0.5251248959268614,0.7551848680986367,0
0.16424149155938958,-0.5544873301529852,0.05054286041583959,0.2732312961117544,0.41173269183271005,0.47234264016825267,0.7288155252362812,-0.44633927678392804,-0.44371284815512574,3.322531517724777,-0.5283622494715786,-0.39260073655797517,1.2787467040220322,-0.7002080134759401,-0.09587269773333008,-0.22513056529211897,-0.11164758097236467,0.17543655131428784,0.30828978440519506,0
-0.36769912118235704,-0.3968192828330851,-0.44922680384937197,-4.014071330210684,0.41173269183271005,0.47234264016825267,0.7288155252362812,-0.44633927678392804,2.253709812906728,-0.3009753239857258,-0.5283622494715786,-0.39260073655797517,-0.7820157008848647,1.4281470373865712,-0.5275829647224219,-0.46898580506543114,1.5899724497892307,-0.872432568628603,-0.3563204325672111,1
-0.37949453975870623,0.2013616602526098,-0.11604702767256427,0.2732312961117544,-2.428760260810931,0.47234264016825267,0.7288155252362812,-0.44633927678392804,-0.44371284815512574,-0.3009753239857258,-0.5283622494715786,-0.39260073655797517,1.2787467040220322,-0.7002080134759401,-0.2677200366030009,-0.32487225699366734,-0.18779314514221151,-0.17357424769586918,0.10988686799186656,0
-0.3562313531220176,0.3822865995849898,-0.4254282484081714,0.2732312961117544,0.41173269183271005,0.47234264016825267,-1.3720893221584447,-0.44633927678392804,-0.44371284815512574,-0.3009753239857258,-0.5283622494715786,-0.39260073655797517,-0.7820157008848647,1.4281470373865712,-0.16374387395056708,0.0813523209456564,-0.32920633574335584,0.045404814561257424,-0.3192447336033025,1
-0.5932865014550349,0.20888594884488268,-0.46112608156997226,0.2732312961117544,0.41173269183271005,0.47234264016825267,0.7288155252362812,2.2404481344448155,-0.44371284815512574,-0.3009753239857258,-0.5283622494715786,-0.39260073655797517,-0.7820157008848647,-0.7002080134759401,-0.4665298975315741,-0.36294446662788116,-0.3455232423511802,-0.6827662167476759,-0.3751141809642585,1
-0.3639311402482455,0.4431649345588341,0.1814349153424426,0.2732312961117544,0.41173269183271005,0.47234264016825267,-1.3720893221584447,-0.44633927678392804,-0.44371284815512574,-0.3009753239857258,-0.5283622494715786,-0.39260073655797517,-0.7820157008848647,1.4281470373865712,-0.1434445038947268,-0.35317847045906514,-0.05181892341034204,0.0852697621535781,0.45167266728134464,1
0.18619407613203942,-0.5544873301529852,0.7050031350488547,0.2732312961117544,0.41173269183271005,0.47234264016825267,0.7288155252362812,-0.44633927678392804,2.253709812906728,-0.3009753239857258,-0.5283622494715786,-0.39260073655797517,1.2787467040220322,-0.7002080134759401,-0.07510845660750873,-0.5118768270483351,0.18749570683774824,0.2134460153730415,0.9416290218753336,1
-0.584439937522773,11.018210537880554,-0.6634138028201769,0.2732312961117544,0.41173269183271005,0.47234264016825267,-1.3720893221584447,-0.44633927678392804,-0.44371284815512574,-0.3009753239857258,-0.5283622494715786,-0.39260073655797517,-0.7820157008848647,1.4281470373865712,4.439254503978713,9.161073298126022,-0.4379857131288515,3.3284242085671134,-0.724355590996497,0
-0.3665523443763231,-0.5544873301529852,-1.3059747997325917,0.2732312961117544,0.41173269183271005,-2.1171071907541332,0.7288155252362812,-0.44633927678392804,-0.44371284815512574,-0.3009753239857258,-0.5283622494715786,-0.39260073655797517,1.2787467040220322,-0.7002080134759401,-0.5979334533128914,0.9754882534490661,-0.7316900320696896,-1.11843363363035,-2.5594330344656493,1
-0.5772316261705597,-0.5544873301529852,-1.0084928567175848,0.2732312961117544,0.41173269183271005,0.47234264016825267,0.7288155252362812,2.2404481344448155,-0.44371284815512574,-0.3009753239857258,-0.5283622494715786,-0.39260073655797517,-0.7820157008848647,-0.7002080134759401,-0.7972081853114457,-0.5406137630779896,-0.5957158103378201,-2.075112550712066,-1.5068122745187267,0
-0.4286421171601611,0.10115181672824809,0.002945749533438485,0.2732312961117544,-2.428760260810931,0.47234264016825267,0.7288155252362812,2.2404481344448155,-0.44371284815512574,-0.3009753239857258,-0.5283622494715786,-0.39260073655797517,-0.7820157008848647,-0.7002080134759401,-0.35960955143592677,-0.5034705283210962,-0.13340345644946375,-0.39154995350866345,0.25354536177152076,0
-0.1835595311849061,0.4715520233387727,0.31232697026904566,-4.014071330210684,0.41173269183271005,0.47234264016825267,0.7288155252362812,2.2404481344448155,-0.44371284815512574,-0.3009753239857258,-0.5283622494715786,-0.39260073655797517,-0.7820157008848647,-0.7002080134759401,0.04002461172447091,-0.23478172168199818,3.0818037749168234,0.41101395009384123,0.5856323478224004,0
-0.5089164935825374,-0.03394336481483337,-0.49682391473177306,0.2732312961117544,0.41173269183271005,0.47234264016825267,0.7288155252362812,-0.44633927678392804,-0.44371284815512574,-0.3009753239857258,-0.5283622494715786,-0.39260073655797517,-0.7820157008848647,1.4281470373865712,-0.496746517080344,-0.38398725398270744,-0.36184014895900457,-0.7741900525936938,-0.43255762089003547,1
-0.5305414276391776,-0.5544873301529852,-0.9013993572321825,0.2732312961117544,0.41173269183271005,-2.1171071907541332,-1.3720893221584447,-0.44633927678392804,-0.44371284815512574,-0.3009753239857258,1.8926408936295354,-0.39260073655797517,1.2787467040220322,-0.7002080134759401,-0.7530454336632435,-0.5377235377868348,-0.5467650905143472,-1.8160496207232917,-1.2304204768512392,1
-0.10705313569664134,-0.5544873301529852,-0.6158166919377758,0.2732312961117544,0.41173269183271005,0.47234264016825267,-1.3720893221584447,-0.44633927678392804,-0.44371284815512574,-0.3009753239857258,-0.5283622494715786,-0.39260073655797517,1.2787467040220322,-0.7002080134759401,-0.35248152836288366,-0.01744702754099215,-0.4162298376517524,-0.37368392894300007,-0.6366385284875709,1
-0.4386354578984569,-0.5544873301529852,-0.4730253592905725,0.2732312961117544,-2.428760260810931,0.47234264016825267,0.7288155252362812,-0.44633927678392804,2.253709812906728,-0.3009753239857258,-0.5283622494715786,2.5471169737663755,1.2787467040220322,-0.7002080134759401,-0.6661145435767825,-0.676040101644054,-0.35096221122045496,-1.3931125970579312,-0.394082757437591,0
-0.3937473372051281,0.6138294803562965,-1.0679892453205864,-2.5228356340985316,0.41173269183271005,0.47234264016825267,0.7288155252362812,-0.44633927678392804,-0.44371284815512574,-0.3009753239857258,-0.5283622494715786,-0.39260073655797517,1.2787467040220322,-0.7002080134759401,-0.09432312750005983,1.6821736791584994,-0.3183284149260419,0.1783004042442663,-1.678266769810647,1
0.09772843680942066,-0.5544873301529852,0.7050031350488547,-1.5908133240284363,0.41173269183271005,0.47234264016825267,0.7288155252362812,-0.44633927678392804,2.253709812906728,-0.3009753239857258,-0.5283622494715786,2.5471169737663755,1.2787467040220322,-0.7002080134759401,-0.15878524920410228,-0.5817875781676312,0.7449899927094846,0.05522299468401092,0.9416290218753336,0
0.6476898279317007,-0.5544873301529852,1.7402402967410786,0.2732312961117544,0.41173269183271005,0.47234264016825267,-1.3720893221584447,-0.44633927678392804,-0.44371284815512574,3.322531517724777,-0.5283622494715786,2.5471169737663755,1.2787467040220322,-0.7002080134759401,0.36140547810472096,-0.5081059436941195,0.6606859984646543,0.8711020748638908,1.6599992530966288,1
-0.2530214405789623,0.5741559586879486,-0.044651361348962616,-2.5228356340985316,0.41173269183271005,0.47234264016825267,0.7288155252362812,-0.44633927678392804,-0.44371284815512574,-0.3009753239857258,-0.5283622494715786,-0.39260073655797517,-0.7820157008848647,-0.7002080134759401,0.0208099408319198,-0.020536839842191987,0.6171742046030372,0.3794843104079303,0.1972905591667682,1
1.7556400478184984,-0.5544873301529852,1.3594634096818698,0.2732312961117544,0.41173269183271005,0.47234264016825267,0.7288155252362812,-0.44633927678392804,-0.44371284815512574,-0.3009753239857258,-0.5283622494715786,2.5471169737663755,-0.7820157008848647,1.4281470373865712,1.4093798268653916,0.2869182536463322,0.48663899464786137,1.869850600601427,1.4241720082377487,1
-0.2572808972870884,-0.5544873301529852,-0.4254282484081714,0.2732312961117544,0.41173269183271005,0.47234264016825267,-1.3720893221584447,-0.44633927678392804,-0.44371284815512574,-0.3009753239857258,1.8926408936295354,-0.39260073655797517,-0.7820157008848647,-0.7002080134759401,-0.49457711875376564,-0.4337686673890087,-0.32920633574335584,-0.7674724517467483,-0.3192447336033025,1
0.16047351062527804,-0.21247421232239924,0.49081613607804975,0.2732312961117544,0.41173269183271005,0.47234264016825267,0.7288155252362812,-0.44633927678392804,2.253709812906728,-0.3009753239857258,1.8926408936295354,2.5471169737663755,-0.7820157008848647,-0.7002080134759401,0.05552031405717342,-0.3107328423026945,0.08959426719080218,0.4360525453654361,0.7551848680986367,0
-0.39587706555919117,-0.5544873301529852,-0.6872123582613775,0.2732312961117544,-2.428760260810931,0.47234264016825267,-1.3720893221584447,-0.44633927678392804,-0.44371284815512574,-0.3009753239857258,-0.5283622494715786,-0.39260073655797517,1.2787467040220322,-0.7002080134759401,-0.6256707604884288,-0.457715178772767,-0.44886365086740104,-1.2252706100264343,-0.7696709506980769,0
0.7469679342826396,-0.5544873301529852,0.40752119203384785,0.2732312961117544,0.41173269183271005,0.47234264016825267,0.7288155252362812,-0.44633927678392804,-0.44371284815512574,-0.3009753239857258,-0.5283622494715786,2.5471169737663755,-0.7820157008848647,-0.7002080134759401,0.45530943424089815,0.11042594622627165,0.051521485105878756,0.9863245334961424,0.6778110824203202,1
0.061686880048353744,-0.5544873301529852,0.5503125246810512,0.2732312961117544,0.41173269183271005,0.47234264016825267,0.7288155252362812,-0.44633927678392804,2.253709812906728,-0.3009753239857258,-0.5283622494715786,-0.39260073655797517,-0.7820157008848647,1.4281470373865712,-0.1928757943360478,-0.5596033243267148,0.11678911153717612,-0.013361868586200067,0.8087078166201294,1
-0.8170718038896595,13.696173250494041,2.4303984045358944,-2.5228356340985316,0.41173269183271005,-2.1171071907541332,-1.3720893221584447,-0.44633927678392804,-0.44371284815512574,3.322531517724777,-0.5283622494715786,-0.39260073655797517,-0.7820157008848647,1.4281470373865712,5.432529023504944,1.8325432864113207,2.8797851913710426,3.6318648510638702,2.0282897867435645,0
-0.4111128145536422,0.4004132948300108,0.11003924901884096,0.2732312961117544,0.41173269183271005,0.47234264016825267,0.7288155252362812,-0.44633927678392804,-0.44371284815512574,-0.3009753239857258,1.8926408936295354,-0.39260073655797517,-0.7820157008848647,-0.7002080134759401,-0.20744175452878816,-0.38497671790548865,-0.08445273662599073,-0.04346585633876616,0.3747160902523562,1
0.04907233518198032,-0.5544873301529852,-0.21124124943736647,0.2732312961117544,0.41173269183271005,0.47234264016825267,0.7288155252362812,-0.44633927678392804,-0.44371284815512574,3.322531517724777,-0.5283622494715786,-0.39260073655797517,-0.7820157008848647,1.4281470373865712,-0.20480748513222874,-0.17608375095726028,-0.2313048960964098,-0.037984834597569135,-0.012803201343461017,1
-0.2830014627938498,0.916511089636365,0.31232697026904566,0.2732312961117544,0.41173269183271005,0.47234264016825267,-1.3720893221584447,-0.44633927678392804,-0.44371284815512574,-0.3009753239857258,-0.5283622494715786,-0.39260073655797517,-0.7820157008848647,-0.7002080134759401,0.1475647859134263,-0.12769513179552888,0.008009734151680582,0.5781313841096511,0.5856323478224004,1
1.0806799848385182,-0.5544873301529852,4.167692951743534,0.2732312961117544,0.41173269183271005,-2.1171071907541332,0.7288155252362812,2.2404481344448155,-0.44371284815512574,-0.3009753239857258,-0.5283622494715786,-0.39260073655797517,1.2787467040220322,-0.7002080134759401,0.7709568907580483,-0.7164722505676254,1.7702356477967098,1.3278976302744856,2.7374990479957413,1
-0.4920424920080379,0.7451625176032415,-0.21124124943736647,-2.5228356340985316,0.41173269183271005,0.47234264016825267,0.7288155252362812,-0.44633927678392804,-0.44371284815512574,-0.3009753239857258,1.8926408936295354,-0.39260073655797517,-0.7820157008848647,1.4281470373865712,-0.12779384453869727,-0.07303316257802499,0.46488308049365223,0.11542514508808596,-0.012803201343461017,0
-0.3282172340031883,0.30054546442347974,0.3242262479896459,0.2732312961117544,0.41173269183271005,0.47234264016825267,0.7288155252362812,2.2404481344448155,-0.44371284815512574,-0.3009753239857258,-0.5283622494715786,-0.39260073655797517,1.2787467040220322,-0.7002080134759401,-0.17428095153680478,-0.4534457557098847,0.013448703020955327,0.024365234001657618,0.5973851599921436,1
-0.23205180755434157,-0.07190682089402842,0.1338378044600415,0.2732312961117544,0.41173269183271005,0.47234264016825267,0.7288155252362812,-0.44633927678392804,2.253709812906728,-0.3009753239857258,1.8926408936295354,-0.39260073655797517,-0.7820157008848647,-0.7002080134759401,-0.25206937724697137,-0.4460644197227485,-0.07357479888744113,-0.13889685656089965,0.4006923302829311,1
-0.355739877348003,0.11243824961665744,-0.44922680384937197,0.2732312961117544,0.41173269183271005,0.47234264016825267,0.7288155252362812,-0.44633927678392804,-0.44371284815512574,-0.3009753239857258,-0.5283622494715786,-0.39260073655797517,-0.7820157008848647,-0.7002080134759401,-0.2855400942856088,-0.08513599993637115,-0.34008427348190545,-0.2138725435835008,-0.3563204325672111,1
-0.4101298630056131,-0.5544873301529852,-0.8895000795115822,0.2732312961117544,0.41173269183271005,-2.1171071907541332,-1.3720893221584447,-0.44633927678392804,-0.44371284815512574,-0.3009753239857258,-0.5283622494715786,-0.39260073655797517,-0.7820157008848647,-0.7002080134759401,-0.6391520215178801,-0.27453776759853554,-0.5413261216450723,-1.2795310647636875,-1.2019010292098635,1
-0.21255660185176448,-0.5544873301529852,-1.2583776888501907,-2.5228356340985316,0.41173269183271005,0.47234264016825267,0.7288155252362812,-0.44633927678392804,-0.44371284815512574,3.322531517724777,-0.5283622494715786,-0.39260073655797517,-0.7820157008848647,-0.7002080134759401,-0.4522738513854878,1.3657765158165487,-0.49237541390819617,-0.6411638967354528,-2.3501102029878447,1
0.437174371395469,-0.4724041818736446,1.276168465637668,0.2732312961117544,0.41173269183271005,0.47234264016825267,0.7288155252362812,2.2404481344448155,-0.44371284815512574,-0.3009753239857258,-0.5283622494715786,-0.39260073655797517,-0.7820157008848647,1.4281470373865712,0.19947538872797974,-0.4866287113792913,0.4485662125629377,0.6536636341757002,1.3687365519961212,1
0.35706382023109756,-0.5544873301529852,0.49081613607804975,0.2732312961117544,0.41173269183271005,0.47234264016825267,0.7288155252362812,-0.44633927678392804,2.253709812906728,-0.3009753239857258,-0.5283622494715786,-0.39260073655797517,-0.7820157008848647,1.4281470373865712,0.08651171872257844,-0.2823476097573153,0.08959426719080218,0.4851282113701162,0.7551848680986367,1
-0.13441195378345122,-0.5544873301529852,-0.1517448608343651,0.2732312961117544,-2.428760260810931,-2.1171071907541332,-1.3720893221584447,-0.44633927678392804,-0.44371284815512574,-0.3009753239857258,-0.5283622494715786,2.5471169737663755,1.2787467040220322,-0.7002080134759401,-0.37835935125849685,-0.4440346094939218,-0.20411005175003585,-0.4393925901455563,0.06473873732769238,0
